timestamp,source,steps
2021-06-07 18:39:13.569000+02:00,patient_Emiel.Xiaomi.Mi 9T,0.0
2021-06-07 18:39:14.689000+02:00,patient_Emiel.Xiaomi.Mi 9T,0.0
2021-06-07 18:39:15.969000+02:00,patient_Emiel.Xiaomi.Mi 9T,0.0
2021-06-07 18:39:17.409000+02:00,patient_Emiel.Xiaomi.Mi 9T,0.0
2021-06-07 18:39:18.789000+02:00,patient_Emiel.Xiaomi.Mi 9T,0.0
2021-06-07 18:39:29.048000+02:00,patient_Emiel.Xiaomi.Mi 9T,0.0
2021-06-07 18:39:30.248000+02:00,patient_Emiel.Xiaomi.Mi 9T,0.0
2021-06-07 18:39:31.368000+02:00,patient_Emiel.Xiaomi.Mi 9T,0.0
2021-06-07 18:39:32.408000+02:00,patient_Emiel.Xiaomi.Mi 9T,0.0
2021-06-07 18:39:33.688000+02:00,patient_Emiel.Xiaomi.Mi 9T,0.0
2021-06-07 18:39:34.949000+02:00,patient_Emiel.Xiaomi.Mi 9T,0.0
2021-06-07 18:39:36.068000+02:00,patient_Emiel.Xiaomi.Mi 9T,0.0
2021-06-07 18:39:37.149000+02:00,patient_Emiel.Xiaomi.Mi 9T,0.0
2021-06-07 18:39:38.228000+02:00,patient_Emiel.Xiaomi.Mi 9T,0.0
2021-06-07 18:39:39.348000+02:00,patient_Emiel.Xiaomi.Mi 9T,0.0
2021-06-07 18:39:40.508000+02:00,patient_Emiel.Xiaomi.Mi 9T,0.0
2021-06-07 18:39:41.828000+02:00,patient_Emiel.Xiaomi.Mi 9T,0.0
2021-06-07 18:39:43.508000+02:00,patient_Emiel.Xiaomi.Mi 9T,0.0
2021-06-07 18:59:24.432000+02:00,patient_Emiel.Xiaomi.Mi 9T,0.0
2021-06-07 19:06:25.449000+02:00,patient_Emiel.Xiaomi.Mi 9T,0.0
2021-06-07 20:30:40.536000+02:00,patient_Emiel.Xiaomi.Mi 9T,0.0
2021-06-07 20:30:41.816000+02:00,patient_Emiel.Xiaomi.Mi 9T,0.0
2021-06-07 20:30:43.477000+02:00,patient_Emiel.Xiaomi.Mi 9T,0.0
2021-06-07 20:30:44.597000+02:00,patient_Emiel.Xiaomi.Mi 9T,0.0
2021-06-07 20:30:45.957000+02:00,patient_Emiel.Xiaomi.Mi 9T,0.0
2021-06-07 20:30:47.397000+02:00,patient_Emiel.Xiaomi.Mi 9T,0.0
2021-06-07 20:30:48.757000+02:00,patient_Emiel.Xiaomi.Mi 9T,0.0
2021-06-07 20:30:49.797000+02:00,patient_Emiel.Xiaomi.Mi 9T,0.0
2021-06-07 20:30:57.456000+02:00,patient_Emiel.Xiaomi.Mi 9T,0.0
2021-06-07 20:30:59.136000+02:00,patient_Emiel.Xiaomi.Mi 9T,0.0
2021-06-07 20:31:00.176000+02:00,patient_Emiel.Xiaomi.Mi 9T,0.0
2021-06-07 20:31:01.396000+02:00,patient_Emiel.Xiaomi.Mi 9T,0.0
2021-06-07 20:31:02.557000+02:00,patient_Emiel.Xiaomi.Mi 9T,0.0
2021-06-07 20:31:03.716000+02:00,patient_Emiel.Xiaomi.Mi 9T,0.0
2021-06-07 20:31:05.437000+02:00,patient_Emiel.Xiaomi.Mi 9T,0.0
2021-06-07 20:31:06.877000+02:00,patient_Emiel.Xiaomi.Mi 9T,0.0
2021-06-07 20:31:08.276000+02:00,patient_Emiel.Xiaomi.Mi 9T,0.0
2021-06-07 20:31:09.517000+02:00,patient_Emiel.Xiaomi.Mi 9T,0.0
2021-06-07 20:31:10.596000+02:00,patient_Emiel.Xiaomi.Mi 9T,0.0
2021-06-07 20:31:12.236000+02:00,patient_Emiel.Xiaomi.Mi 9T,0.0
2021-06-07 20:31:13.277000+02:00,patient_Emiel.Xiaomi.Mi 9T,0.0
2021-06-07 20:31:14.516000+02:00,patient_Emiel.Xiaomi.Mi 9T,0.0
2021-06-07 20:31:15.796000+02:00,patient_Emiel.Xiaomi.Mi 9T,0.0
2021-06-07 20:31:17.156000+02:00,patient_Emiel.Xiaomi.Mi 9T,0.0
2021-06-07 20:31:18.236000+02:00,patient_Emiel.Xiaomi.Mi 9T,0.0
2021-06-07 20:31:19.276000+02:00,patient_Emiel.Xiaomi.Mi 9T,0.0
2021-06-07 20:31:20.996000+02:00,patient_Emiel.Xiaomi.Mi 9T,0.0
2021-06-07 20:31:22.236000+02:00,patient_Emiel.Xiaomi.Mi 9T,0.0
2021-06-07 20:31:23.436000+02:00,patient_Emiel.Xiaomi.Mi 9T,0.0
2021-06-07 20:31:24.596000+02:00,patient_Emiel.Xiaomi.Mi 9T,0.0
2021-06-07 20:31:25.757000+02:00,patient_Emiel.Xiaomi.Mi 9T,0.0
2021-06-07 20:31:27.076000+02:00,patient_Emiel.Xiaomi.Mi 9T,0.0
2021-06-07 20:31:28.357000+02:00,patient_Emiel.Xiaomi.Mi 9T,0.0
2021-06-07 20:31:29.636000+02:00,patient_Emiel.Xiaomi.Mi 9T,0.0
2021-06-07 20:31:30.837000+02:00,patient_Emiel.Xiaomi.Mi 9T,0.0
2021-06-07 20:31:32.036000+02:00,patient_Emiel.Xiaomi.Mi 9T,0.0
2021-06-07 20:31:33.316000+02:00,patient_Emiel.Xiaomi.Mi 9T,0.0
2021-06-07 20:31:34.556000+02:00,patient_Emiel.Xiaomi.Mi 9T,0.0
2021-06-07 20:36:11.673000+02:00,patient_Emiel.Xiaomi.Mi 9T,0.0
2021-06-07 20:36:12.792000+02:00,patient_Emiel.Xiaomi.Mi 9T,0.0
2021-06-07 20:36:14.512000+02:00,patient_Emiel.Xiaomi.Mi 9T,0.0
2021-06-07 20:36:15.972000+02:00,patient_Emiel.Xiaomi.Mi 9T,0.0
2021-06-07 20:36:18.452000+02:00,patient_Emiel.Xiaomi.Mi 9T,0.0
2021-06-07 21:12:41.407000+02:00,patient_Emiel.Xiaomi.Mi 9T,0.0
2021-06-08 08:16:24.215000+02:00,patient_Emiel.Xiaomi.Mi 9T,0.0
2021-06-08 08:16:25.416000+02:00,patient_Emiel.Xiaomi.Mi 9T,0.0
2021-06-08 08:16:26.576000+02:00,patient_Emiel.Xiaomi.Mi 9T,0.0
2021-06-08 08:16:27.735000+02:00,patient_Emiel.Xiaomi.Mi 9T,0.0
2021-06-08 08:16:28.896000+02:00,patient_Emiel.Xiaomi.Mi 9T,0.0
2021-06-08 08:16:30.096000+02:00,patient_Emiel.Xiaomi.Mi 9T,0.0
2021-06-08 08:16:31.615000+02:00,patient_Emiel.Xiaomi.Mi 9T,0.0
2021-06-08 08:16:53.835000+02:00,patient_Emiel.Xiaomi.Mi 9T,0.0
2021-06-08 08:16:55.195000+02:00,patient_Emiel.Xiaomi.Mi 9T,0.0
2021-06-08 08:16:56.296000+02:00,patient_Emiel.Xiaomi.Mi 9T,0.0
2021-06-08 08:16:57.416000+02:00,patient_Emiel.Xiaomi.Mi 9T,0.0
2021-06-08 08:16:58.495000+02:00,patient_Emiel.Xiaomi.Mi 9T,0.0
2021-06-08 08:16:59.735000+02:00,patient_Emiel.Xiaomi.Mi 9T,0.0
2021-06-08 08:17:00.895000+02:00,patient_Emiel.Xiaomi.Mi 9T,0.0
2021-06-08 08:17:03.255000+02:00,patient_Emiel.Xiaomi.Mi 9T,0.0
2021-06-08 08:17:05.055000+02:00,patient_Emiel.Xiaomi.Mi 9T,0.0
2021-06-08 08:17:06.455000+02:00,patient_Emiel.Xiaomi.Mi 9T,0.0
2021-06-08 08:17:08.096000+02:00,patient_Emiel.Xiaomi.Mi 9T,0.0
2021-06-08 08:17:09.536000+02:00,patient_Emiel.Xiaomi.Mi 9T,0.0
2021-06-08 08:17:56.164000+02:00,patient_Emiel.Xiaomi.Mi 9T,0.0
2021-06-08 08:17:57.486000+02:00,patient_Emiel.Xiaomi.Mi 9T,0.0
2021-06-08 08:17:59.046000+02:00,patient_Emiel.Xiaomi.Mi 9T,0.0
2021-06-08 08:18:00.406000+02:00,patient_Emiel.Xiaomi.Mi 9T,0.0
2021-06-08 08:18:01.666000+02:00,patient_Emiel.Xiaomi.Mi 9T,0.0
2021-06-08 08:18:02.866000+02:00,patient_Emiel.Xiaomi.Mi 9T,0.0
2021-06-08 08:18:04.026000+02:00,patient_Emiel.Xiaomi.Mi 9T,0.0
2021-06-08 08:18:05.186000+02:00,patient_Emiel.Xiaomi.Mi 9T,0.0
2021-06-08 08:18:06.306000+02:00,patient_Emiel.Xiaomi.Mi 9T,0.0
2021-06-08 08:18:07.626000+02:00,patient_Emiel.Xiaomi.Mi 9T,0.0
2021-06-08 08:18:08.826000+02:00,patient_Emiel.Xiaomi.Mi 9T,0.0
2021-06-08 08:22:23.517000+02:00,patient_Emiel.Xiaomi.Mi 9T,0.0
2021-06-08 08:53:28.409000+02:00,patient_Emiel.Xiaomi.Mi 9T,0.0
2021-06-08 08:53:30.009000+02:00,patient_Emiel.Xiaomi.Mi 9T,0.0
2021-06-08 08:53:31.430000+02:00,patient_Emiel.Xiaomi.Mi 9T,0.0
2021-06-08 08:53:32.709000+02:00,patient_Emiel.Xiaomi.Mi 9T,0.0
2021-06-08 08:53:33.909000+02:00,patient_Emiel.Xiaomi.Mi 9T,0.0
2021-06-08 08:53:34.949000+02:00,patient_Emiel.Xiaomi.Mi 9T,0.0
2021-06-08 08:53:36.269000+02:00,patient_Emiel.Xiaomi.Mi 9T,0.0
2021-06-08 08:53:37.469000+02:00,patient_Emiel.Xiaomi.Mi 9T,0.0
2021-06-08 08:53:38.669000+02:00,patient_Emiel.Xiaomi.Mi 9T,0.0
2021-06-08 08:53:39.909000+02:00,patient_Emiel.Xiaomi.Mi 9T,0.0
2021-06-08 08:53:41.349000+02:00,patient_Emiel.Xiaomi.Mi 9T,0.0
2021-06-08 08:57:43.897000+02:00,patient_Emiel.Xiaomi.Mi 9T,0.0
2021-06-08 08:57:45.876000+02:00,patient_Emiel.Xiaomi.Mi 9T,0.0
2021-06-08 12:27:58.802000+02:00,patient_Emiel.Xiaomi.Mi 9T,0.0
2021-06-08 12:28:10.162000+02:00,patient_Emiel.Xiaomi.Mi 9T,0.0
2021-06-08 12:28:11.681000+02:00,patient_Emiel.Xiaomi.Mi 9T,0.0
2021-06-08 12:28:13.122000+02:00,patient_Emiel.Xiaomi.Mi 9T,0.0
2021-06-08 12:28:14.722000+02:00,patient_Emiel.Xiaomi.Mi 9T,0.0
2021-06-08 12:28:16.082000+02:00,patient_Emiel.Xiaomi.Mi 9T,0.0
2021-06-08 12:28:17.362000+02:00,patient_Emiel.Xiaomi.Mi 9T,0.0
2021-06-08 12:28:18.522000+02:00,patient_Emiel.Xiaomi.Mi 9T,0.0
2021-06-08 12:28:19.962000+02:00,patient_Emiel.Xiaomi.Mi 9T,0.0
2021-06-08 12:28:21.082000+02:00,patient_Emiel.Xiaomi.Mi 9T,0.0
2021-06-08 12:28:22.562000+02:00,patient_Emiel.Xiaomi.Mi 9T,0.0
2021-06-08 12:28:24.162000+02:00,patient_Emiel.Xiaomi.Mi 9T,0.0
2021-06-08 12:28:25.322000+02:00,patient_Emiel.Xiaomi.Mi 9T,0.0
2021-06-08 12:28:26.562000+02:00,patient_Emiel.Xiaomi.Mi 9T,0.0
2021-06-08 12:28:27.882000+02:00,patient_Emiel.Xiaomi.Mi 9T,0.0
2021-06-08 23:04:53.006000+02:00,patient_Emiel.Xiaomi.Mi 9T,0.0
2021-06-08 23:04:54.686000+02:00,patient_Emiel.Xiaomi.Mi 9T,0.0
2021-06-08 23:04:56.146000+02:00,patient_Emiel.Xiaomi.Mi 9T,0.0
2021-06-08 23:04:57.226000+02:00,patient_Emiel.Xiaomi.Mi 9T,0.0
2021-06-08 23:04:58.266000+02:00,patient_Emiel.Xiaomi.Mi 9T,0.0
2021-06-08 23:04:59.426000+02:00,patient_Emiel.Xiaomi.Mi 9T,0.0
2021-06-08 23:05:00.626000+02:00,patient_Emiel.Xiaomi.Mi 9T,0.0
2021-06-08 23:05:02.227000+02:00,patient_Emiel.Xiaomi.Mi 9T,0.0
2021-06-08 23:05:04.306000+02:00,patient_Emiel.Xiaomi.Mi 9T,0.0
2021-06-08 23:05:45.747000+02:00,patient_Emiel.Xiaomi.Mi 9T,0.0
2021-06-08 23:05:59.446000+02:00,patient_Emiel.Xiaomi.Mi 9T,0.0
2021-06-08 23:06:00.846000+02:00,patient_Emiel.Xiaomi.Mi 9T,0.0
2021-06-08 23:06:02.206000+02:00,patient_Emiel.Xiaomi.Mi 9T,0.0
2021-06-08 23:06:03.626000+02:00,patient_Emiel.Xiaomi.Mi 9T,0.0
2021-06-08 23:06:04.707000+02:00,patient_Emiel.Xiaomi.Mi 9T,0.0
2021-06-08 23:06:05.946000+02:00,patient_Emiel.Xiaomi.Mi 9T,0.0
2021-06-08 23:06:07.026000+02:00,patient_Emiel.Xiaomi.Mi 9T,0.0
2021-06-08 23:06:08.106000+02:00,patient_Emiel.Xiaomi.Mi 9T,0.0
2021-06-08 23:06:09.226000+02:00,patient_Emiel.Xiaomi.Mi 9T,0.0
2021-06-08 23:06:10.346000+02:00,patient_Emiel.Xiaomi.Mi 9T,0.0
2021-06-08 23:06:11.547000+02:00,patient_Emiel.Xiaomi.Mi 9T,0.0
2021-06-09 20:15:07.510000+02:00,patient_Emiel.Xiaomi.Mi 9T,0.0
2021-06-09 20:15:08.630000+02:00,patient_Emiel.Xiaomi.Mi 9T,0.0
2021-06-09 20:15:09.790000+02:00,patient_Emiel.Xiaomi.Mi 9T,0.0
2021-06-09 20:15:11.030000+02:00,patient_Emiel.Xiaomi.Mi 9T,0.0
2021-06-09 20:15:12.070000+02:00,patient_Emiel.Xiaomi.Mi 9T,0.0
2021-06-09 20:15:13.170000+02:00,patient_Emiel.Xiaomi.Mi 9T,0.0
2021-06-09 20:15:14.370000+02:00,patient_Emiel.Xiaomi.Mi 9T,0.0
2021-06-09 20:15:15.851000+02:00,patient_Emiel.Xiaomi.Mi 9T,0.0
2021-06-09 20:15:17.171000+02:00,patient_Emiel.Xiaomi.Mi 9T,0.0
2021-06-09 20:15:18.490000+02:00,patient_Emiel.Xiaomi.Mi 9T,0.0
2021-06-09 20:15:19.650000+02:00,patient_Emiel.Xiaomi.Mi 9T,0.0
2021-06-09 20:15:20.811000+02:00,patient_Emiel.Xiaomi.Mi 9T,0.0
2021-06-09 20:15:22.050000+02:00,patient_Emiel.Xiaomi.Mi 9T,0.0
2021-06-09 20:15:23.411000+02:00,patient_Emiel.Xiaomi.Mi 9T,0.0
2021-06-09 20:15:24.851000+02:00,patient_Emiel.Xiaomi.Mi 9T,0.0
2021-06-09 20:15:26.331000+02:00,patient_Emiel.Xiaomi.Mi 9T,0.0
2021-06-09 20:15:27.410000+02:00,patient_Emiel.Xiaomi.Mi 9T,0.0
2021-06-09 20:15:28.611000+02:00,patient_Emiel.Xiaomi.Mi 9T,0.0
2021-06-09 20:15:30.251000+02:00,patient_Emiel.Xiaomi.Mi 9T,0.0
2021-06-09 20:15:32.010000+02:00,patient_Emiel.Xiaomi.Mi 9T,0.0
2021-06-09 20:15:33.171000+02:00,patient_Emiel.Xiaomi.Mi 9T,0.0
2021-06-09 20:15:34.331000+02:00,patient_Emiel.Xiaomi.Mi 9T,0.0
2021-06-09 20:15:36.570000+02:00,patient_Emiel.Xiaomi.Mi 9T,0.0
2021-06-09 20:16:01.070000+02:00,patient_Emiel.Xiaomi.Mi 9T,0.0
2021-06-09 20:16:02.430000+02:00,patient_Emiel.Xiaomi.Mi 9T,0.0
2021-06-09 20:16:04.610000+02:00,patient_Emiel.Xiaomi.Mi 9T,0.0
2021-06-09 20:16:05.770000+02:00,patient_Emiel.Xiaomi.Mi 9T,0.0
2021-06-09 20:16:06.850000+02:00,patient_Emiel.Xiaomi.Mi 9T,0.0
2021-06-09 20:16:08.170000+02:00,patient_Emiel.Xiaomi.Mi 9T,0.0
2021-06-09 20:16:09.251000+02:00,patient_Emiel.Xiaomi.Mi 9T,0.0
2021-06-09 20:16:10.290000+02:00,patient_Emiel.Xiaomi.Mi 9T,0.0
2021-06-09 20:16:11.691000+02:00,patient_Emiel.Xiaomi.Mi 9T,0.0
2021-06-09 20:16:54.940000+02:00,patient_Emiel.Xiaomi.Mi 9T,0.0
2021-06-09 20:16:56.080000+02:00,patient_Emiel.Xiaomi.Mi 9T,0.0
2021-06-09 20:16:57.120000+02:00,patient_Emiel.Xiaomi.Mi 9T,0.0
2021-06-09 20:16:58.200000+02:00,patient_Emiel.Xiaomi.Mi 9T,0.0
2021-06-09 20:16:59.280000+02:00,patient_Emiel.Xiaomi.Mi 9T,0.0
2021-06-09 20:17:00.599000+02:00,patient_Emiel.Xiaomi.Mi 9T,0.0
2021-06-09 20:17:01.760000+02:00,patient_Emiel.Xiaomi.Mi 9T,0.0
2021-06-09 20:17:02.879000+02:00,patient_Emiel.Xiaomi.Mi 9T,0.0
2021-06-09 20:17:04.120000+02:00,patient_Emiel.Xiaomi.Mi 9T,0.0
2021-06-09 20:17:05.319000+02:00,patient_Emiel.Xiaomi.Mi 9T,0.0
2021-06-09 20:17:06.600000+02:00,patient_Emiel.Xiaomi.Mi 9T,0.0
2021-06-09 20:17:07.960000+02:00,patient_Emiel.Xiaomi.Mi 9T,0.0
2021-06-09 20:17:09.600000+02:00,patient_Emiel.Xiaomi.Mi 9T,0.0
2021-06-09 20:17:11.119000+02:00,patient_Emiel.Xiaomi.Mi 9T,0.0
2021-06-09 20:17:12.680000+02:00,patient_Emiel.Xiaomi.Mi 9T,0.0
2021-06-09 20:17:13.760000+02:00,patient_Emiel.Xiaomi.Mi 9T,0.0
2021-06-09 20:17:14.839000+02:00,patient_Emiel.Xiaomi.Mi 9T,0.0
2021-06-09 20:17:16.079000+02:00,patient_Emiel.Xiaomi.Mi 9T,0.0
2021-06-09 20:17:17.559000+02:00,patient_Emiel.Xiaomi.Mi 9T,0.0
2021-06-09 20:17:18.879000+02:00,patient_Emiel.Xiaomi.Mi 9T,0.0
2021-06-09 20:17:20.159000+02:00,patient_Emiel.Xiaomi.Mi 9T,0.0
2021-06-09 20:17:21.879000+02:00,patient_Emiel.Xiaomi.Mi 9T,0.0
2021-06-09 20:17:25.020000+02:00,patient_Emiel.Xiaomi.Mi 9T,0.0
2021-06-09 20:17:26.100000+02:00,patient_Emiel.Xiaomi.Mi 9T,0.0
2021-06-09 20:17:27.299000+02:00,patient_Emiel.Xiaomi.Mi 9T,0.0
2021-06-09 20:17:28.640000+02:00,patient_Emiel.Xiaomi.Mi 9T,0.0
2021-06-09 20:17:29.840000+02:00,patient_Emiel.Xiaomi.Mi 9T,0.0
2021-06-09 20:17:31.359000+02:00,patient_Emiel.Xiaomi.Mi 9T,0.0
2021-06-09 20:17:32.519000+02:00,patient_Emiel.Xiaomi.Mi 9T,0.0
2021-06-09 20:17:34.119000+02:00,patient_Emiel.Xiaomi.Mi 9T,0.0
2021-06-09 20:17:36.839000+02:00,patient_Emiel.Xiaomi.Mi 9T,0.0
2021-06-09 20:17:38.439000+02:00,patient_Emiel.Xiaomi.Mi 9T,0.0
2021-06-09 20:17:39.680000+02:00,patient_Emiel.Xiaomi.Mi 9T,0.0
2021-06-09 20:17:40.800000+02:00,patient_Emiel.Xiaomi.Mi 9T,0.0
2021-06-09 20:17:42.079000+02:00,patient_Emiel.Xiaomi.Mi 9T,0.0
2021-06-09 20:17:43.159000+02:00,patient_Emiel.Xiaomi.Mi 9T,0.0
2021-06-09 20:17:44.240000+02:00,patient_Emiel.Xiaomi.Mi 9T,0.0
2021-06-09 20:17:45.680000+02:00,patient_Emiel.Xiaomi.Mi 9T,0.0
2021-06-09 20:17:47.120000+02:00,patient_Emiel.Xiaomi.Mi 9T,0.0
2021-06-09 20:17:48.519000+02:00,patient_Emiel.Xiaomi.Mi 9T,0.0
2021-06-09 20:17:49.760000+02:00,patient_Emiel.Xiaomi.Mi 9T,0.0
2021-06-09 20:17:50.839000+02:00,patient_Emiel.Xiaomi.Mi 9T,0.0
2021-06-09 20:17:51.920000+02:00,patient_Emiel.Xiaomi.Mi 9T,0.0
2021-06-09 20:17:53+02:00,patient_Emiel.Xiaomi.Mi 9T,0.0
2021-06-09 20:17:54.360000+02:00,patient_Emiel.Xiaomi.Mi 9T,0.0
2021-06-09 20:17:55.799000+02:00,patient_Emiel.Xiaomi.Mi 9T,0.0
2021-06-09 20:17:56.840000+02:00,patient_Emiel.Xiaomi.Mi 9T,0.0
2021-06-09 20:17:58.319000+02:00,patient_Emiel.Xiaomi.Mi 9T,0.0
2021-06-09 20:17:59.360000+02:00,patient_Emiel.Xiaomi.Mi 9T,0.0
2021-06-09 20:18:00.520000+02:00,patient_Emiel.Xiaomi.Mi 9T,0.0
2021-06-09 20:18:01.839000+02:00,patient_Emiel.Xiaomi.Mi 9T,0.0
2021-06-09 20:18:02.960000+02:00,patient_Emiel.Xiaomi.Mi 9T,0.0
2021-06-09 20:18:04.200000+02:00,patient_Emiel.Xiaomi.Mi 9T,0.0
2021-06-09 20:18:05.479000+02:00,patient_Emiel.Xiaomi.Mi 9T,0.0
2021-06-09 20:18:06.719000+02:00,patient_Emiel.Xiaomi.Mi 9T,0.0
2021-06-09 20:18:07.880000+02:00,patient_Emiel.Xiaomi.Mi 9T,0.0
2021-06-09 20:18:08.999000+02:00,patient_Emiel.Xiaomi.Mi 9T,0.0
2021-06-09 20:18:10.240000+02:00,patient_Emiel.Xiaomi.Mi 9T,0.0
2021-06-09 20:18:22.812000+02:00,patient_Emiel.Xiaomi.Mi 9T,0.0
2021-06-09 20:18:24.012000+02:00,patient_Emiel.Xiaomi.Mi 9T,0.0
2021-06-09 20:18:25.332000+02:00,patient_Emiel.Xiaomi.Mi 9T,0.0
2021-06-09 20:18:26.452000+02:00,patient_Emiel.Xiaomi.Mi 9T,0.0
2021-06-09 20:18:27.912000+02:00,patient_Emiel.Xiaomi.Mi 9T,0.0
2021-06-09 20:18:29.192000+02:00,patient_Emiel.Xiaomi.Mi 9T,0.0
2021-06-09 20:18:30.513000+02:00,patient_Emiel.Xiaomi.Mi 9T,0.0
2021-06-09 20:18:31.592000+02:00,patient_Emiel.Xiaomi.Mi 9T,0.0
2021-06-09 20:18:32.752000+02:00,patient_Emiel.Xiaomi.Mi 9T,0.0
2021-06-09 20:18:33.872000+02:00,patient_Emiel.Xiaomi.Mi 9T,0.0
2021-06-09 20:18:34.992000+02:00,patient_Emiel.Xiaomi.Mi 9T,0.0
2021-06-09 20:18:36.152000+02:00,patient_Emiel.Xiaomi.Mi 9T,0.0
2021-06-09 20:18:37.712000+02:00,patient_Emiel.Xiaomi.Mi 9T,0.0
2021-06-09 20:18:39.312000+02:00,patient_Emiel.Xiaomi.Mi 9T,0.0
2021-06-09 20:18:40.392000+02:00,patient_Emiel.Xiaomi.Mi 9T,0.0
2021-06-09 20:18:41.592000+02:00,patient_Emiel.Xiaomi.Mi 9T,0.0
2021-06-09 20:18:42.753000+02:00,patient_Emiel.Xiaomi.Mi 9T,0.0
2021-06-09 20:18:43.832000+02:00,patient_Emiel.Xiaomi.Mi 9T,0.0
2021-06-09 20:18:45.032000+02:00,patient_Emiel.Xiaomi.Mi 9T,0.0
2021-06-09 20:18:46.112000+02:00,patient_Emiel.Xiaomi.Mi 9T,0.0
2021-06-09 20:18:47.832000+02:00,patient_Emiel.Xiaomi.Mi 9T,0.0
2021-06-09 20:51:16.128000+02:00,patient_Emiel.Xiaomi.Mi 9T,0.0
2021-06-09 20:51:17.768000+02:00,patient_Emiel.Xiaomi.Mi 9T,0.0
2021-06-09 20:51:19.208000+02:00,patient_Emiel.Xiaomi.Mi 9T,0.0
2021-06-09 20:51:20.288000+02:00,patient_Emiel.Xiaomi.Mi 9T,0.0
2021-06-09 20:51:21.308000+02:00,patient_Emiel.Xiaomi.Mi 9T,0.0
2021-06-09 20:51:22.468000+02:00,patient_Emiel.Xiaomi.Mi 9T,0.0
2021-06-09 20:51:23.588000+02:00,patient_Emiel.Xiaomi.Mi 9T,0.0
2021-06-09 20:51:24.628000+02:00,patient_Emiel.Xiaomi.Mi 9T,0.0
2021-06-09 20:51:25.748000+02:00,patient_Emiel.Xiaomi.Mi 9T,0.0
2021-06-09 20:51:27.228000+02:00,patient_Emiel.Xiaomi.Mi 9T,0.0
2021-06-09 20:51:28.508000+02:00,patient_Emiel.Xiaomi.Mi 9T,0.0
2021-06-09 20:51:37.968000+02:00,patient_Emiel.Xiaomi.Mi 9T,0.0
2021-06-09 20:51:39.328000+02:00,patient_Emiel.Xiaomi.Mi 9T,0.0
2021-06-09 20:51:40.728000+02:00,patient_Emiel.Xiaomi.Mi 9T,0.0
2021-06-09 20:51:41.828000+02:00,patient_Emiel.Xiaomi.Mi 9T,0.0
2021-06-09 20:51:42.948000+02:00,patient_Emiel.Xiaomi.Mi 9T,0.0
2021-06-09 20:51:44.068000+02:00,patient_Emiel.Xiaomi.Mi 9T,0.0
2021-06-09 20:51:45.188000+02:00,patient_Emiel.Xiaomi.Mi 9T,0.0
2021-06-09 20:51:46.428000+02:00,patient_Emiel.Xiaomi.Mi 9T,0.0
2021-06-09 20:51:47.708000+02:00,patient_Emiel.Xiaomi.Mi 9T,0.0
2021-06-09 20:52:06.899000+02:00,patient_Emiel.Xiaomi.Mi 9T,0.0
2021-06-09 20:52:08.020000+02:00,patient_Emiel.Xiaomi.Mi 9T,0.0
2021-06-09 20:52:09.160000+02:00,patient_Emiel.Xiaomi.Mi 9T,0.0
2021-06-09 20:52:10.440000+02:00,patient_Emiel.Xiaomi.Mi 9T,0.0
2021-06-09 20:52:11.600000+02:00,patient_Emiel.Xiaomi.Mi 9T,0.0
2021-06-09 20:56:54.673000+02:00,patient_Emiel.Xiaomi.Mi 9T,0.0
2021-06-09 20:57:01.053000+02:00,patient_Emiel.Xiaomi.Mi 9T,0.0
2021-06-09 20:57:02.533000+02:00,patient_Emiel.Xiaomi.Mi 9T,0.0
2021-06-09 20:57:03.573000+02:00,patient_Emiel.Xiaomi.Mi 9T,0.0
2021-06-09 20:57:05.933000+02:00,patient_Emiel.Xiaomi.Mi 9T,0.0
2021-06-09 20:57:07.273000+02:00,patient_Emiel.Xiaomi.Mi 9T,0.0
2021-06-09 20:57:08.673000+02:00,patient_Emiel.Xiaomi.Mi 9T,0.0
2021-06-09 20:57:10.073000+02:00,patient_Emiel.Xiaomi.Mi 9T,0.0
2021-06-09 21:21:47.046000+02:00,patient_Emiel.Xiaomi.Mi 9T,0.0
2021-06-09 21:21:48.966000+02:00,patient_Emiel.Xiaomi.Mi 9T,0.0
2021-06-09 21:21:50.366000+02:00,patient_Emiel.Xiaomi.Mi 9T,0.0
2021-06-10 09:44:11.447000+02:00,patient_Emiel.Xiaomi.Mi 9T,0.0
2021-06-10 09:44:12.806000+02:00,patient_Emiel.Xiaomi.Mi 9T,0.0
2021-06-10 09:44:13.846000+02:00,patient_Emiel.Xiaomi.Mi 9T,0.0
2021-06-10 09:44:16.846000+02:00,patient_Emiel.Xiaomi.Mi 9T,0.0
2021-06-10 09:44:18.247000+02:00,patient_Emiel.Xiaomi.Mi 9T,0.0
2021-06-10 09:44:19.326000+02:00,patient_Emiel.Xiaomi.Mi 9T,0.0
2021-06-10 09:44:20.847000+02:00,patient_Emiel.Xiaomi.Mi 9T,0.0
2021-06-10 09:44:22.246000+02:00,patient_Emiel.Xiaomi.Mi 9T,0.0
2021-06-10 09:44:24.166000+02:00,patient_Emiel.Xiaomi.Mi 9T,0.0
2021-06-10 09:44:26.167000+02:00,patient_Emiel.Xiaomi.Mi 9T,0.0
2021-06-10 09:44:27.646000+02:00,patient_Emiel.Xiaomi.Mi 9T,0.0
2021-06-10 09:44:28.687000+02:00,patient_Emiel.Xiaomi.Mi 9T,0.0
2021-06-10 09:44:30.087000+02:00,patient_Emiel.Xiaomi.Mi 9T,0.0
2021-06-10 09:44:31.646000+02:00,patient_Emiel.Xiaomi.Mi 9T,0.0
2021-06-10 09:44:33.047000+02:00,patient_Emiel.Xiaomi.Mi 9T,0.0
2021-06-10 09:44:34.607000+02:00,patient_Emiel.Xiaomi.Mi 9T,0.0
2021-06-10 09:44:36.007000+02:00,patient_Emiel.Xiaomi.Mi 9T,0.0
2021-06-10 09:44:37.047000+02:00,patient_Emiel.Xiaomi.Mi 9T,0.0
2021-06-10 09:44:38.647000+02:00,patient_Emiel.Xiaomi.Mi 9T,0.0
2021-06-10 09:44:40.007000+02:00,patient_Emiel.Xiaomi.Mi 9T,0.0
2021-06-10 09:44:41.046000+02:00,patient_Emiel.Xiaomi.Mi 9T,0.0
2021-06-10 09:44:42.166000+02:00,patient_Emiel.Xiaomi.Mi 9T,0.0
2021-06-10 09:44:43.566000+02:00,patient_Emiel.Xiaomi.Mi 9T,0.0
2021-06-10 09:44:45.007000+02:00,patient_Emiel.Xiaomi.Mi 9T,0.0
2021-06-10 09:44:46.527000+02:00,patient_Emiel.Xiaomi.Mi 9T,0.0
2021-06-10 09:44:47.727000+02:00,patient_Emiel.Xiaomi.Mi 9T,0.0
2021-06-10 09:44:51.526000+02:00,patient_Emiel.Xiaomi.Mi 9T,0.0
2021-06-10 09:44:53.086000+02:00,patient_Emiel.Xiaomi.Mi 9T,0.0
2021-06-10 09:44:54.326000+02:00,patient_Emiel.Xiaomi.Mi 9T,0.0
2021-06-10 09:44:55.366000+02:00,patient_Emiel.Xiaomi.Mi 9T,0.0
2021-06-10 09:44:56.406000+02:00,patient_Emiel.Xiaomi.Mi 9T,0.0
2021-06-10 09:44:57.806000+02:00,patient_Emiel.Xiaomi.Mi 9T,0.0
2021-06-10 09:44:58.886000+02:00,patient_Emiel.Xiaomi.Mi 9T,0.0
2021-06-10 09:45:00.286000+02:00,patient_Emiel.Xiaomi.Mi 9T,0.0
2021-06-10 09:45:01.807000+02:00,patient_Emiel.Xiaomi.Mi 9T,0.0
2021-06-10 09:45:03.167000+02:00,patient_Emiel.Xiaomi.Mi 9T,0.0
2021-06-10 09:45:04.726000+02:00,patient_Emiel.Xiaomi.Mi 9T,0.0
2021-06-10 09:45:06.087000+02:00,patient_Emiel.Xiaomi.Mi 9T,0.0
2021-06-10 09:45:07.646000+02:00,patient_Emiel.Xiaomi.Mi 9T,0.0
2021-06-10 09:45:09.006000+02:00,patient_Emiel.Xiaomi.Mi 9T,0.0
2021-06-10 09:45:10.526000+02:00,patient_Emiel.Xiaomi.Mi 9T,0.0
2021-06-10 09:45:11.887000+02:00,patient_Emiel.Xiaomi.Mi 9T,0.0
2021-06-10 09:45:13.446000+02:00,patient_Emiel.Xiaomi.Mi 9T,0.0
2021-06-10 09:45:14.887000+02:00,patient_Emiel.Xiaomi.Mi 9T,0.0
2021-06-10 09:45:16.486000+02:00,patient_Emiel.Xiaomi.Mi 9T,0.0
2021-06-10 09:45:17.966000+02:00,patient_Emiel.Xiaomi.Mi 9T,0.0
2021-06-10 09:45:19.487000+02:00,patient_Emiel.Xiaomi.Mi 9T,0.0
2021-06-10 09:45:20.847000+02:00,patient_Emiel.Xiaomi.Mi 9T,0.0
2021-06-10 09:45:22.406000+02:00,patient_Emiel.Xiaomi.Mi 9T,0.0
2021-06-10 09:45:23.807000+02:00,patient_Emiel.Xiaomi.Mi 9T,0.0
2021-06-10 09:45:25.406000+02:00,patient_Emiel.Xiaomi.Mi 9T,0.0
2021-06-10 09:45:26.767000+02:00,patient_Emiel.Xiaomi.Mi 9T,0.0
2021-06-10 09:45:28.326000+02:00,patient_Emiel.Xiaomi.Mi 9T,0.0
2021-06-10 09:45:29.366000+02:00,patient_Emiel.Xiaomi.Mi 9T,0.0
2021-06-10 09:45:30.766000+02:00,patient_Emiel.Xiaomi.Mi 9T,0.0
2021-06-10 09:45:32.327000+02:00,patient_Emiel.Xiaomi.Mi 9T,0.0
2021-06-10 09:45:33.727000+02:00,patient_Emiel.Xiaomi.Mi 9T,0.0
2021-06-10 09:45:35.286000+02:00,patient_Emiel.Xiaomi.Mi 9T,0.0
2021-06-10 09:45:36.687000+02:00,patient_Emiel.Xiaomi.Mi 9T,0.0
2021-06-10 09:45:38.286000+02:00,patient_Emiel.Xiaomi.Mi 9T,0.0
2021-06-10 09:45:39.646000+02:00,patient_Emiel.Xiaomi.Mi 9T,0.0
2021-06-10 09:45:41.207000+02:00,patient_Emiel.Xiaomi.Mi 9T,0.0
2021-06-10 13:34:29.229000+02:00,patient_Emiel.Xiaomi.Mi 9T,0.0
2021-06-10 13:34:30.789000+02:00,patient_Emiel.Xiaomi.Mi 9T,0.0
2021-06-10 13:34:32.069000+02:00,patient_Emiel.Xiaomi.Mi 9T,0.0
2021-06-10 13:34:33.549000+02:00,patient_Emiel.Xiaomi.Mi 9T,0.0
2021-06-10 13:34:34.809000+02:00,patient_Emiel.Xiaomi.Mi 9T,0.0
2021-06-10 13:34:36.048000+02:00,patient_Emiel.Xiaomi.Mi 9T,0.0
2021-06-10 13:34:37.329000+02:00,patient_Emiel.Xiaomi.Mi 9T,0.0
2021-06-10 13:34:38.649000+02:00,patient_Emiel.Xiaomi.Mi 9T,0.0
2021-06-10 13:34:39.889000+02:00,patient_Emiel.Xiaomi.Mi 9T,0.0
2021-06-10 13:34:41.129000+02:00,patient_Emiel.Xiaomi.Mi 9T,0.0
2021-06-10 13:34:42.648000+02:00,patient_Emiel.Xiaomi.Mi 9T,0.0
2021-06-10 13:34:44.209000+02:00,patient_Emiel.Xiaomi.Mi 9T,0.0
2021-06-10 13:34:45.249000+02:00,patient_Emiel.Xiaomi.Mi 9T,0.0
2021-06-10 13:34:46.328000+02:00,patient_Emiel.Xiaomi.Mi 9T,0.0
2021-06-10 13:34:47.888000+02:00,patient_Emiel.Xiaomi.Mi 9T,0.0
2021-06-10 13:34:49.289000+02:00,patient_Emiel.Xiaomi.Mi 9T,0.0
2021-06-10 13:34:50.609000+02:00,patient_Emiel.Xiaomi.Mi 9T,0.0
2021-06-10 13:34:51.769000+02:00,patient_Emiel.Xiaomi.Mi 9T,0.0
2021-06-10 13:34:52.889000+02:00,patient_Emiel.Xiaomi.Mi 9T,0.0
2021-06-10 13:34:53.929000+02:00,patient_Emiel.Xiaomi.Mi 9T,0.0
2021-06-10 13:34:55.369000+02:00,patient_Emiel.Xiaomi.Mi 9T,0.0
2021-06-10 13:34:56.609000+02:00,patient_Emiel.Xiaomi.Mi 9T,0.0
2021-06-10 13:35:04.608000+02:00,patient_Emiel.Xiaomi.Mi 9T,0.0
2021-06-10 13:35:06.209000+02:00,patient_Emiel.Xiaomi.Mi 9T,0.0
2021-06-10 13:35:07.569000+02:00,patient_Emiel.Xiaomi.Mi 9T,0.0
2021-06-10 13:35:08.929000+02:00,patient_Emiel.Xiaomi.Mi 9T,0.0
2021-06-10 13:35:10.048000+02:00,patient_Emiel.Xiaomi.Mi 9T,0.0
2021-06-10 13:35:12.409000+02:00,patient_Emiel.Xiaomi.Mi 9T,0.0
2021-06-10 13:39:57.490000+02:00,patient_Emiel.Xiaomi.Mi 9T,0.0
2021-06-10 15:06:29.833000+02:00,patient_Emiel.Xiaomi.Mi 9T,0.0
2021-06-10 15:06:31.433000+02:00,patient_Emiel.Xiaomi.Mi 9T,0.0
2021-06-10 15:06:32.753000+02:00,patient_Emiel.Xiaomi.Mi 9T,0.0
2021-06-10 15:06:33.953000+02:00,patient_Emiel.Xiaomi.Mi 9T,0.0
2021-06-10 15:06:35.973000+02:00,patient_Emiel.Xiaomi.Mi 9T,0.0
2021-06-10 15:06:37.293000+02:00,patient_Emiel.Xiaomi.Mi 9T,0.0
2021-06-10 15:06:38.613000+02:00,patient_Emiel.Xiaomi.Mi 9T,0.0
2021-06-10 15:06:40.013000+02:00,patient_Emiel.Xiaomi.Mi 9T,0.0
2021-06-10 15:06:41.453000+02:00,patient_Emiel.Xiaomi.Mi 9T,0.0
2021-06-10 15:06:42.574000+02:00,patient_Emiel.Xiaomi.Mi 9T,0.0
2021-06-10 15:06:43.854000+02:00,patient_Emiel.Xiaomi.Mi 9T,0.0
2021-06-10 15:06:45.254000+02:00,patient_Emiel.Xiaomi.Mi 9T,0.0
2021-06-10 15:06:46.413000+02:00,patient_Emiel.Xiaomi.Mi 9T,0.0
2021-06-10 15:06:47.933000+02:00,patient_Emiel.Xiaomi.Mi 9T,0.0
2021-06-10 15:06:49.214000+02:00,patient_Emiel.Xiaomi.Mi 9T,0.0
2021-06-10 15:06:50.814000+02:00,patient_Emiel.Xiaomi.Mi 9T,0.0
2021-06-10 15:06:52.613000+02:00,patient_Emiel.Xiaomi.Mi 9T,0.0
2021-06-10 15:06:54.013000+02:00,patient_Emiel.Xiaomi.Mi 9T,0.0
2021-06-10 15:06:55.333000+02:00,patient_Emiel.Xiaomi.Mi 9T,0.0
2021-06-10 15:06:56.573000+02:00,patient_Emiel.Xiaomi.Mi 9T,0.0
2021-06-10 15:06:57.973000+02:00,patient_Emiel.Xiaomi.Mi 9T,0.0
2021-06-10 15:06:59.533000+02:00,patient_Emiel.Xiaomi.Mi 9T,0.0
2021-06-10 15:07:00.933000+02:00,patient_Emiel.Xiaomi.Mi 9T,0.0
2021-06-10 15:07:02.013000+02:00,patient_Emiel.Xiaomi.Mi 9T,0.0
2021-06-10 15:07:03.093000+02:00,patient_Emiel.Xiaomi.Mi 9T,0.0
2021-06-10 15:07:04.213000+02:00,patient_Emiel.Xiaomi.Mi 9T,0.0
2021-06-10 15:07:05.573000+02:00,patient_Emiel.Xiaomi.Mi 9T,0.0
2021-06-10 15:07:06.933000+02:00,patient_Emiel.Xiaomi.Mi 9T,0.0
2021-06-10 15:07:08.213000+02:00,patient_Emiel.Xiaomi.Mi 9T,0.0
2021-06-10 15:07:09.374000+02:00,patient_Emiel.Xiaomi.Mi 9T,0.0
2021-06-10 15:07:10.413000+02:00,patient_Emiel.Xiaomi.Mi 9T,0.0
2021-06-10 15:07:11.613000+02:00,patient_Emiel.Xiaomi.Mi 9T,0.0
2021-06-10 15:07:12.853000+02:00,patient_Emiel.Xiaomi.Mi 9T,0.0
2021-06-10 15:07:14.053000+02:00,patient_Emiel.Xiaomi.Mi 9T,0.0
2021-06-10 15:07:15.213000+02:00,patient_Emiel.Xiaomi.Mi 9T,0.0
2021-06-10 15:07:16.454000+02:00,patient_Emiel.Xiaomi.Mi 9T,0.0
2021-06-10 15:07:17.694000+02:00,patient_Emiel.Xiaomi.Mi 9T,0.0
2021-06-10 15:07:18.933000+02:00,patient_Emiel.Xiaomi.Mi 9T,0.0
2021-06-10 15:07:20.253000+02:00,patient_Emiel.Xiaomi.Mi 9T,0.0
2021-06-10 15:07:21.453000+02:00,patient_Emiel.Xiaomi.Mi 9T,0.0
2021-06-10 15:07:22.613000+02:00,patient_Emiel.Xiaomi.Mi 9T,0.0
2021-06-10 15:10:21.577000+02:00,patient_Emiel.Xiaomi.Mi 9T,0.0
2021-06-10 15:23:49.411000+02:00,patient_Emiel.Xiaomi.Mi 9T,0.0
2021-06-10 15:23:50.572000+02:00,patient_Emiel.Xiaomi.Mi 9T,0.0
2021-06-10 15:23:51.852000+02:00,patient_Emiel.Xiaomi.Mi 9T,0.0
2021-06-10 15:23:53.051000+02:00,patient_Emiel.Xiaomi.Mi 9T,0.0
2021-06-10 15:23:54.131000+02:00,patient_Emiel.Xiaomi.Mi 9T,0.0
2021-06-10 15:23:55.551000+02:00,patient_Emiel.Xiaomi.Mi 9T,0.0
2021-06-10 15:23:56.631000+02:00,patient_Emiel.Xiaomi.Mi 9T,0.0
2021-06-10 15:23:58.111000+02:00,patient_Emiel.Xiaomi.Mi 9T,0.0
2021-06-10 15:23:59.551000+02:00,patient_Emiel.Xiaomi.Mi 9T,0.0
2021-06-10 15:24:00.711000+02:00,patient_Emiel.Xiaomi.Mi 9T,0.0
2021-06-10 15:24:02.472000+02:00,patient_Emiel.Xiaomi.Mi 9T,0.0
2021-06-10 15:24:03.552000+02:00,patient_Emiel.Xiaomi.Mi 9T,0.0
2021-06-10 15:24:04.871000+02:00,patient_Emiel.Xiaomi.Mi 9T,0.0
2021-06-10 15:24:06.032000+02:00,patient_Emiel.Xiaomi.Mi 9T,0.0
2021-06-10 15:24:07.431000+02:00,patient_Emiel.Xiaomi.Mi 9T,0.0
2021-06-10 15:24:08.791000+02:00,patient_Emiel.Xiaomi.Mi 9T,0.0
2021-06-10 15:24:09.911000+02:00,patient_Emiel.Xiaomi.Mi 9T,0.0
2021-06-10 15:24:11.111000+02:00,patient_Emiel.Xiaomi.Mi 9T,0.0
2021-06-10 15:24:12.231000+02:00,patient_Emiel.Xiaomi.Mi 9T,0.0
2021-06-10 15:24:13.352000+02:00,patient_Emiel.Xiaomi.Mi 9T,0.0
2021-06-10 15:24:14.552000+02:00,patient_Emiel.Xiaomi.Mi 9T,0.0
2021-06-10 15:24:16.232000+02:00,patient_Emiel.Xiaomi.Mi 9T,0.0
2021-06-10 15:24:18.012000+02:00,patient_Emiel.Xiaomi.Mi 9T,0.0
2021-06-10 15:24:26.592000+02:00,patient_Emiel.Xiaomi.Mi 9T,0.0
2021-06-10 15:24:27.672000+02:00,patient_Emiel.Xiaomi.Mi 9T,0.0
2021-06-10 15:24:29.031000+02:00,patient_Emiel.Xiaomi.Mi 9T,0.0
2021-06-10 15:24:30.471000+02:00,patient_Emiel.Xiaomi.Mi 9T,0.0
2021-06-10 15:24:31.511000+02:00,patient_Emiel.Xiaomi.Mi 9T,0.0
2021-06-10 15:24:32.951000+02:00,patient_Emiel.Xiaomi.Mi 9T,0.0
2021-06-10 15:24:34.751000+02:00,patient_Emiel.Xiaomi.Mi 9T,0.0
2021-06-10 15:24:35.911000+02:00,patient_Emiel.Xiaomi.Mi 9T,0.0
2021-06-10 15:24:36.951000+02:00,patient_Emiel.Xiaomi.Mi 9T,0.0
2021-06-10 15:24:38.031000+02:00,patient_Emiel.Xiaomi.Mi 9T,0.0
2021-06-10 15:24:39.351000+02:00,patient_Emiel.Xiaomi.Mi 9T,0.0
2021-06-10 15:24:40.431000+02:00,patient_Emiel.Xiaomi.Mi 9T,0.0
2021-06-10 15:24:41.672000+02:00,patient_Emiel.Xiaomi.Mi 9T,0.0
2021-06-10 15:24:42.711000+02:00,patient_Emiel.Xiaomi.Mi 9T,0.0
2021-06-10 15:24:43.791000+02:00,patient_Emiel.Xiaomi.Mi 9T,0.0
2021-06-10 15:24:44.831000+02:00,patient_Emiel.Xiaomi.Mi 9T,0.0
2021-06-10 15:24:45.911000+02:00,patient_Emiel.Xiaomi.Mi 9T,0.0
2021-06-10 15:24:46.951000+02:00,patient_Emiel.Xiaomi.Mi 9T,0.0
2021-06-10 15:24:48.071000+02:00,patient_Emiel.Xiaomi.Mi 9T,0.0
2021-06-10 15:38:16.544000+02:00,patient_Emiel.Xiaomi.Mi 9T,0.0
2021-06-10 16:37:28.833000+02:00,patient_Emiel.Xiaomi.Mi 9T,0.0
2021-06-10 16:37:30.313000+02:00,patient_Emiel.Xiaomi.Mi 9T,0.0
2021-06-10 16:37:31.473000+02:00,patient_Emiel.Xiaomi.Mi 9T,0.0
2021-06-10 16:37:32.873000+02:00,patient_Emiel.Xiaomi.Mi 9T,0.0
2021-06-10 16:37:34.133000+02:00,patient_Emiel.Xiaomi.Mi 9T,0.0
2021-06-10 16:37:35.213000+02:00,patient_Emiel.Xiaomi.Mi 9T,0.0
2021-06-10 16:37:36.413000+02:00,patient_Emiel.Xiaomi.Mi 9T,0.0
2021-06-10 16:37:37.693000+02:00,patient_Emiel.Xiaomi.Mi 9T,0.0
2021-06-10 16:37:38.934000+02:00,patient_Emiel.Xiaomi.Mi 9T,0.0
2021-06-10 16:37:40.293000+02:00,patient_Emiel.Xiaomi.Mi 9T,0.0
2021-06-10 16:37:41.333000+02:00,patient_Emiel.Xiaomi.Mi 9T,0.0
2021-06-10 16:37:42.654000+02:00,patient_Emiel.Xiaomi.Mi 9T,0.0
2021-06-10 16:37:44.013000+02:00,patient_Emiel.Xiaomi.Mi 9T,0.0
2021-06-10 16:37:45.653000+02:00,patient_Emiel.Xiaomi.Mi 9T,0.0
2021-06-10 16:37:46.893000+02:00,patient_Emiel.Xiaomi.Mi 9T,0.0
2021-06-10 16:37:48.133000+02:00,patient_Emiel.Xiaomi.Mi 9T,0.0
2021-06-10 16:37:49.694000+02:00,patient_Emiel.Xiaomi.Mi 9T,0.0
2021-06-10 16:37:51.133000+02:00,patient_Emiel.Xiaomi.Mi 9T,0.0
2021-06-10 16:37:52.533000+02:00,patient_Emiel.Xiaomi.Mi 9T,0.0
2021-06-10 16:37:53.853000+02:00,patient_Emiel.Xiaomi.Mi 9T,0.0
2021-06-10 16:37:55.013000+02:00,patient_Emiel.Xiaomi.Mi 9T,0.0
2021-06-10 16:37:56.134000+02:00,patient_Emiel.Xiaomi.Mi 9T,0.0
2021-06-10 16:37:57.534000+02:00,patient_Emiel.Xiaomi.Mi 9T,0.0
2021-06-10 16:52:10.858000+02:00,patient_Emiel.Xiaomi.Mi 9T,0.0
2021-06-10 17:58:01.761000+02:00,patient_Emiel.Xiaomi.Mi 9T,0.0
2021-06-10 17:58:03.321000+02:00,patient_Emiel.Xiaomi.Mi 9T,0.0
2021-06-10 17:58:04.881000+02:00,patient_Emiel.Xiaomi.Mi 9T,0.0
2021-06-10 17:58:05.901000+02:00,patient_Emiel.Xiaomi.Mi 9T,0.0
2021-06-10 17:58:07.021000+02:00,patient_Emiel.Xiaomi.Mi 9T,0.0
2021-06-10 17:58:08.061000+02:00,patient_Emiel.Xiaomi.Mi 9T,0.0
2021-06-10 17:58:09.461000+02:00,patient_Emiel.Xiaomi.Mi 9T,0.0
2021-06-10 17:58:10.581000+02:00,patient_Emiel.Xiaomi.Mi 9T,0.0
2021-06-10 17:58:11.741000+02:00,patient_Emiel.Xiaomi.Mi 9T,0.0
2021-06-10 17:58:12.820000+02:00,patient_Emiel.Xiaomi.Mi 9T,0.0
2021-06-10 17:58:14.181000+02:00,patient_Emiel.Xiaomi.Mi 9T,0.0
2021-06-10 17:58:15.381000+02:00,patient_Emiel.Xiaomi.Mi 9T,0.0
2021-06-10 17:58:16.741000+02:00,patient_Emiel.Xiaomi.Mi 9T,0.0
2021-06-10 17:58:18.301000+02:00,patient_Emiel.Xiaomi.Mi 9T,0.0
2021-06-10 17:58:19.500000+02:00,patient_Emiel.Xiaomi.Mi 9T,0.0
2021-06-10 17:58:20.581000+02:00,patient_Emiel.Xiaomi.Mi 9T,0.0
2021-06-10 17:58:21.661000+02:00,patient_Emiel.Xiaomi.Mi 9T,0.0
2021-06-10 17:58:23.021000+02:00,patient_Emiel.Xiaomi.Mi 9T,0.0
2021-06-10 17:58:24.181000+02:00,patient_Emiel.Xiaomi.Mi 9T,0.0
2021-06-10 17:58:25.221000+02:00,patient_Emiel.Xiaomi.Mi 9T,0.0
2021-06-10 17:58:26.541000+02:00,patient_Emiel.Xiaomi.Mi 9T,0.0
2021-06-10 17:58:27.821000+02:00,patient_Emiel.Xiaomi.Mi 9T,0.0
2021-06-10 17:58:28.941000+02:00,patient_Emiel.Xiaomi.Mi 9T,0.0
2021-06-10 17:58:30.180000+02:00,patient_Emiel.Xiaomi.Mi 9T,0.0
2021-06-10 17:58:31.421000+02:00,patient_Emiel.Xiaomi.Mi 9T,0.0
2021-06-10 17:58:32.661000+02:00,patient_Emiel.Xiaomi.Mi 9T,0.0
2021-06-10 17:58:33.901000+02:00,patient_Emiel.Xiaomi.Mi 9T,0.0
2021-06-10 17:58:34.941000+02:00,patient_Emiel.Xiaomi.Mi 9T,0.0
2021-06-10 17:58:36.381000+02:00,patient_Emiel.Xiaomi.Mi 9T,0.0
2021-06-10 17:58:38.581000+02:00,patient_Emiel.Xiaomi.Mi 9T,0.0
2021-06-10 17:58:39.781000+02:00,patient_Emiel.Xiaomi.Mi 9T,0.0
2021-06-10 17:58:44.221000+02:00,patient_Emiel.Xiaomi.Mi 9T,0.0
2021-06-10 17:58:45.741000+02:00,patient_Emiel.Xiaomi.Mi 9T,0.0
2021-06-10 17:58:46.861000+02:00,patient_Emiel.Xiaomi.Mi 9T,0.0
2021-06-10 17:58:47.981000+02:00,patient_Emiel.Xiaomi.Mi 9T,0.0
2021-06-10 17:58:49.221000+02:00,patient_Emiel.Xiaomi.Mi 9T,0.0
2021-06-10 17:58:50.381000+02:00,patient_Emiel.Xiaomi.Mi 9T,0.0
2021-06-10 17:58:51.501000+02:00,patient_Emiel.Xiaomi.Mi 9T,0.0
2021-06-10 17:58:52.661000+02:00,patient_Emiel.Xiaomi.Mi 9T,0.0
2021-06-10 17:58:53.821000+02:00,patient_Emiel.Xiaomi.Mi 9T,0.0
2021-06-10 17:58:55.261000+02:00,patient_Emiel.Xiaomi.Mi 9T,0.0
2021-06-10 17:59:55.740000+02:00,patient_Emiel.Xiaomi.Mi 9T,0.0
2021-06-10 20:07:44.809000+02:00,patient_Emiel.Xiaomi.Mi 9T,0.0
2021-06-10 20:07:45.968000+02:00,patient_Emiel.Xiaomi.Mi 9T,0.0
2021-06-10 20:07:47.888000+02:00,patient_Emiel.Xiaomi.Mi 9T,0.0
2021-06-10 20:07:49.049000+02:00,patient_Emiel.Xiaomi.Mi 9T,0.0
2021-06-10 20:07:50.529000+02:00,patient_Emiel.Xiaomi.Mi 9T,0.0
2021-06-10 20:07:51.768000+02:00,patient_Emiel.Xiaomi.Mi 9T,0.0
2021-06-10 20:07:52.808000+02:00,patient_Emiel.Xiaomi.Mi 9T,0.0
2021-06-10 20:07:54.289000+02:00,patient_Emiel.Xiaomi.Mi 9T,0.0
2021-06-10 20:07:55.529000+02:00,patient_Emiel.Xiaomi.Mi 9T,0.0
2021-06-10 20:07:56.728000+02:00,patient_Emiel.Xiaomi.Mi 9T,0.0
2021-06-10 20:07:57.969000+02:00,patient_Emiel.Xiaomi.Mi 9T,0.0
2021-06-10 20:07:59.129000+02:00,patient_Emiel.Xiaomi.Mi 9T,0.0
2021-06-10 20:08:00.769000+02:00,patient_Emiel.Xiaomi.Mi 9T,0.0
2021-06-10 20:08:02.648000+02:00,patient_Emiel.Xiaomi.Mi 9T,0.0
2021-06-10 20:08:03.768000+02:00,patient_Emiel.Xiaomi.Mi 9T,0.0
2021-06-10 20:08:05.008000+02:00,patient_Emiel.Xiaomi.Mi 9T,0.0
2021-06-25 14:08:09.396000+02:00,patient_Emiel.Xiaomi.Mi 9T,0.0
2021-06-25 15:14:06.423000+02:00,patient_Emiel.Xiaomi.Mi 9T,0.0
2021-06-25 15:14:07.983000+02:00,patient_Emiel.Xiaomi.Mi 9T,0.0
2021-06-25 15:14:09.183000+02:00,patient_Emiel.Xiaomi.Mi 9T,0.0
2021-06-25 15:14:10.543000+02:00,patient_Emiel.Xiaomi.Mi 9T,0.0
2021-06-25 15:14:11.803000+02:00,patient_Emiel.Xiaomi.Mi 9T,0.0
2021-06-25 15:14:12.963000+02:00,patient_Emiel.Xiaomi.Mi 9T,0.0
2021-06-25 15:14:14.123000+02:00,patient_Emiel.Xiaomi.Mi 9T,0.0
2021-06-25 15:14:15.802000+02:00,patient_Emiel.Xiaomi.Mi 9T,0.0
2021-06-25 15:14:19.623000+02:00,patient_Emiel.Xiaomi.Mi 9T,0.0
2021-06-25 15:14:21.103000+02:00,patient_Emiel.Xiaomi.Mi 9T,0.0
2021-06-25 15:14:22.183000+02:00,patient_Emiel.Xiaomi.Mi 9T,0.0
2021-06-25 15:14:23.503000+02:00,patient_Emiel.Xiaomi.Mi 9T,0.0
2021-06-25 15:14:24.683000+02:00,patient_Emiel.Xiaomi.Mi 9T,0.0
2021-06-25 15:14:26.403000+02:00,patient_Emiel.Xiaomi.Mi 9T,0.0
2021-06-25 15:14:28.043000+02:00,patient_Emiel.Xiaomi.Mi 9T,0.0
2021-06-25 15:14:29.643000+02:00,patient_Emiel.Xiaomi.Mi 9T,0.0
2021-06-25 15:14:30.683000+02:00,patient_Emiel.Xiaomi.Mi 9T,0.0
2021-06-25 15:14:32.243000+02:00,patient_Emiel.Xiaomi.Mi 9T,0.0
2021-06-25 15:16:32.475000+02:00,patient_Emiel.Xiaomi.Mi 9T,0.0
2021-06-25 15:16:34.275000+02:00,patient_Emiel.Xiaomi.Mi 9T,0.0
2021-06-25 15:16:35.715000+02:00,patient_Emiel.Xiaomi.Mi 9T,0.0
2021-06-25 15:16:37.135000+02:00,patient_Emiel.Xiaomi.Mi 9T,0.0
2021-06-25 15:16:38.935000+02:00,patient_Emiel.Xiaomi.Mi 9T,0.0
2021-06-25 15:16:40.055000+02:00,patient_Emiel.Xiaomi.Mi 9T,0.0
2021-06-25 15:16:41.095000+02:00,patient_Emiel.Xiaomi.Mi 9T,0.0
2021-06-25 15:16:42.455000+02:00,patient_Emiel.Xiaomi.Mi 9T,0.0
2021-06-25 15:16:43.695000+02:00,patient_Emiel.Xiaomi.Mi 9T,0.0
2021-06-25 15:16:45.295000+02:00,patient_Emiel.Xiaomi.Mi 9T,0.0
2021-06-25 15:16:46.895000+02:00,patient_Emiel.Xiaomi.Mi 9T,0.0
2021-06-25 15:16:48.375000+02:00,patient_Emiel.Xiaomi.Mi 9T,0.0
2021-06-25 15:16:49.895000+02:00,patient_Emiel.Xiaomi.Mi 9T,0.0
2021-06-25 15:16:50.975000+02:00,patient_Emiel.Xiaomi.Mi 9T,0.0
2021-06-25 15:16:52.015000+02:00,patient_Emiel.Xiaomi.Mi 9T,0.0
2021-06-25 15:16:53.095000+02:00,patient_Emiel.Xiaomi.Mi 9T,0.0
2021-06-25 15:16:54.175000+02:00,patient_Emiel.Xiaomi.Mi 9T,0.0
2021-06-25 15:16:55.295000+02:00,patient_Emiel.Xiaomi.Mi 9T,0.0
2021-06-25 15:16:56.335000+02:00,patient_Emiel.Xiaomi.Mi 9T,0.0
2021-06-25 15:16:57.935000+02:00,patient_Emiel.Xiaomi.Mi 9T,0.0
2021-06-25 15:17:05.171000+02:00,patient_Emiel.Xiaomi.Mi 9T,0.0
2021-06-25 15:17:06.451000+02:00,patient_Emiel.Xiaomi.Mi 9T,0.0
2021-06-25 15:17:07.571000+02:00,patient_Emiel.Xiaomi.Mi 9T,0.0
2021-06-25 15:17:08.630000+02:00,patient_Emiel.Xiaomi.Mi 9T,0.0
2021-06-25 15:17:09.671000+02:00,patient_Emiel.Xiaomi.Mi 9T,0.0
2021-06-25 15:17:10.751000+02:00,patient_Emiel.Xiaomi.Mi 9T,0.0
2021-06-25 15:17:11.791000+02:00,patient_Emiel.Xiaomi.Mi 9T,0.0
2021-06-25 15:17:12.951000+02:00,patient_Emiel.Xiaomi.Mi 9T,0.0
2021-06-25 15:17:14.110000+02:00,patient_Emiel.Xiaomi.Mi 9T,0.0
2021-06-25 15:18:40.999000+02:00,patient_Emiel.Xiaomi.Mi 9T,0.0
2021-06-25 15:18:42.559000+02:00,patient_Emiel.Xiaomi.Mi 9T,0.0
2021-06-25 15:18:44.359000+02:00,patient_Emiel.Xiaomi.Mi 9T,0.0
2021-06-25 15:18:45.639000+02:00,patient_Emiel.Xiaomi.Mi 9T,0.0
2021-06-25 15:18:46.699000+02:00,patient_Emiel.Xiaomi.Mi 9T,0.0
2021-06-25 15:18:47.819000+02:00,patient_Emiel.Xiaomi.Mi 9T,0.0
2021-06-25 15:18:49.019000+02:00,patient_Emiel.Xiaomi.Mi 9T,0.0
2021-06-25 15:18:50.179000+02:00,patient_Emiel.Xiaomi.Mi 9T,0.0
2021-06-25 15:18:51.378000+02:00,patient_Emiel.Xiaomi.Mi 9T,0.0
2021-06-25 15:18:54.139000+02:00,patient_Emiel.Xiaomi.Mi 9T,0.0
2021-06-25 15:18:55.459000+02:00,patient_Emiel.Xiaomi.Mi 9T,0.0
2021-06-25 15:18:56.778000+02:00,patient_Emiel.Xiaomi.Mi 9T,0.0
2021-06-25 15:18:57.939000+02:00,patient_Emiel.Xiaomi.Mi 9T,0.0
2021-06-25 15:18:59.219000+02:00,patient_Emiel.Xiaomi.Mi 9T,0.0
2021-06-25 15:19:00.459000+02:00,patient_Emiel.Xiaomi.Mi 9T,0.0
2021-06-25 15:19:01.659000+02:00,patient_Emiel.Xiaomi.Mi 9T,0.0
2021-06-25 15:19:02.739000+02:00,patient_Emiel.Xiaomi.Mi 9T,0.0
2021-06-25 15:19:03.859000+02:00,patient_Emiel.Xiaomi.Mi 9T,0.0
2021-06-25 15:19:05.379000+02:00,patient_Emiel.Xiaomi.Mi 9T,0.0
2021-06-25 15:19:06.619000+02:00,patient_Emiel.Xiaomi.Mi 9T,0.0
2021-06-25 15:19:08.379000+02:00,patient_Emiel.Xiaomi.Mi 9T,0.0
2021-06-25 15:19:09.779000+02:00,patient_Emiel.Xiaomi.Mi 9T,0.0
2021-06-25 15:19:12.319000+02:00,patient_Emiel.Xiaomi.Mi 9T,0.0
2021-06-25 15:19:23.579000+02:00,patient_Emiel.Xiaomi.Mi 9T,0.0
2021-06-25 15:19:24.859000+02:00,patient_Emiel.Xiaomi.Mi 9T,0.0
2021-06-25 15:19:26.579000+02:00,patient_Emiel.Xiaomi.Mi 9T,0.0
2021-06-25 15:19:27.739000+02:00,patient_Emiel.Xiaomi.Mi 9T,0.0
2021-06-25 15:19:28.859000+02:00,patient_Emiel.Xiaomi.Mi 9T,0.0
2021-06-25 15:19:29.979000+02:00,patient_Emiel.Xiaomi.Mi 9T,0.0
2021-06-25 15:19:31.179000+02:00,patient_Emiel.Xiaomi.Mi 9T,0.0
2021-06-25 15:19:32.339000+02:00,patient_Emiel.Xiaomi.Mi 9T,0.0
2021-06-25 15:19:33.899000+02:00,patient_Emiel.Xiaomi.Mi 9T,0.0
2021-06-25 15:19:35.379000+02:00,patient_Emiel.Xiaomi.Mi 9T,0.0
2021-06-25 15:19:36.979000+02:00,patient_Emiel.Xiaomi.Mi 9T,0.0
2021-06-25 15:19:38.219000+02:00,patient_Emiel.Xiaomi.Mi 9T,0.0
2021-06-25 15:19:39.779000+02:00,patient_Emiel.Xiaomi.Mi 9T,0.0
2021-06-25 15:19:40.978000+02:00,patient_Emiel.Xiaomi.Mi 9T,0.0
2021-06-25 15:19:42.459000+02:00,patient_Emiel.Xiaomi.Mi 9T,0.0
2021-06-25 15:19:44.299000+02:00,patient_Emiel.Xiaomi.Mi 9T,0.0
2021-06-25 15:20:04.759000+02:00,patient_Emiel.Xiaomi.Mi 9T,0.0
2021-06-25 15:20:06.238000+02:00,patient_Emiel.Xiaomi.Mi 9T,0.0
2021-06-25 15:20:07.839000+02:00,patient_Emiel.Xiaomi.Mi 9T,0.0
2021-06-25 15:20:09.099000+02:00,patient_Emiel.Xiaomi.Mi 9T,0.0
2021-06-25 15:20:10.339000+02:00,patient_Emiel.Xiaomi.Mi 9T,0.0
2021-06-25 15:20:11.579000+02:00,patient_Emiel.Xiaomi.Mi 9T,0.0
2021-06-25 15:24:20.952000+02:00,patient_Emiel.Xiaomi.Mi 9T,0.0
2021-06-25 15:24:22.192000+02:00,patient_Emiel.Xiaomi.Mi 9T,0.0
2021-06-25 15:24:23.213000+02:00,patient_Emiel.Xiaomi.Mi 9T,0.0
2021-06-25 15:24:24.333000+02:00,patient_Emiel.Xiaomi.Mi 9T,0.0
2021-06-25 15:24:26.173000+02:00,patient_Emiel.Xiaomi.Mi 9T,0.0
2021-06-25 17:08:42.547000+02:00,patient_Emiel.Xiaomi.Mi 9T,0.0
2021-06-25 17:08:43.947000+02:00,patient_Emiel.Xiaomi.Mi 9T,0.0
2021-06-25 17:08:45.067000+02:00,patient_Emiel.Xiaomi.Mi 9T,0.0
2021-06-25 17:08:46.707000+02:00,patient_Emiel.Xiaomi.Mi 9T,0.0
2021-06-25 17:08:47.787000+02:00,patient_Emiel.Xiaomi.Mi 9T,0.0
2021-06-25 17:08:49.547000+02:00,patient_Emiel.Xiaomi.Mi 9T,0.0
2021-06-25 17:09:44.725000+02:00,patient_Emiel.Xiaomi.Mi 9T,0.0
2021-06-25 17:09:45.925000+02:00,patient_Emiel.Xiaomi.Mi 9T,0.0
2021-06-25 17:09:47.205000+02:00,patient_Emiel.Xiaomi.Mi 9T,0.0
2021-06-25 17:09:48.925000+02:00,patient_Emiel.Xiaomi.Mi 9T,0.0
2021-06-25 17:09:50.385000+02:00,patient_Emiel.Xiaomi.Mi 9T,0.0
2021-06-25 17:09:52.425000+02:00,patient_Emiel.Xiaomi.Mi 9T,0.0
2021-06-25 17:09:54.306000+02:00,patient_Emiel.Xiaomi.Mi 9T,0.0
2021-06-25 17:09:55.865000+02:00,patient_Emiel.Xiaomi.Mi 9T,0.0
2021-06-25 17:09:56.945000+02:00,patient_Emiel.Xiaomi.Mi 9T,0.0
2021-06-25 17:09:58.425000+02:00,patient_Emiel.Xiaomi.Mi 9T,0.0
2021-06-25 17:10:00.746000+02:00,patient_Emiel.Xiaomi.Mi 9T,0.0
2021-06-25 17:10:38.708000+02:00,patient_Emiel.Xiaomi.Mi 9T,0.0
2021-06-25 17:10:40.028000+02:00,patient_Emiel.Xiaomi.Mi 9T,0.0
2021-06-25 17:10:41.068000+02:00,patient_Emiel.Xiaomi.Mi 9T,0.0
2021-06-25 17:10:42.128000+02:00,patient_Emiel.Xiaomi.Mi 9T,0.0
2021-06-25 17:10:43.288000+02:00,patient_Emiel.Xiaomi.Mi 9T,0.0
2021-06-25 17:10:44.408000+02:00,patient_Emiel.Xiaomi.Mi 9T,0.0
2021-06-25 17:10:45.888000+02:00,patient_Emiel.Xiaomi.Mi 9T,0.0
2021-06-25 17:10:46.928000+02:00,patient_Emiel.Xiaomi.Mi 9T,0.0
2021-06-25 17:10:48.088000+02:00,patient_Emiel.Xiaomi.Mi 9T,0.0
2021-06-25 17:10:49.608000+02:00,patient_Emiel.Xiaomi.Mi 9T,0.0
2021-06-25 17:10:50.768000+02:00,patient_Emiel.Xiaomi.Mi 9T,0.0
2021-06-25 17:10:52.248000+02:00,patient_Emiel.Xiaomi.Mi 9T,0.0
2021-06-25 17:10:53.448000+02:00,patient_Emiel.Xiaomi.Mi 9T,0.0
2021-06-25 17:10:54.608000+02:00,patient_Emiel.Xiaomi.Mi 9T,0.0
2021-06-25 17:10:55.688000+02:00,patient_Emiel.Xiaomi.Mi 9T,0.0
2021-06-25 17:10:56.968000+02:00,patient_Emiel.Xiaomi.Mi 9T,0.0
2021-06-25 17:10:58.167000+02:00,patient_Emiel.Xiaomi.Mi 9T,0.0
2021-06-25 17:10:59.488000+02:00,patient_Emiel.Xiaomi.Mi 9T,0.0
2021-06-25 17:11:00.988000+02:00,patient_Emiel.Xiaomi.Mi 9T,0.0
2021-06-25 17:11:02.468000+02:00,patient_Emiel.Xiaomi.Mi 9T,0.0
2021-06-25 17:13:49.647000+02:00,patient_Emiel.Xiaomi.Mi 9T,0.0
2021-06-25 17:13:50.887000+02:00,patient_Emiel.Xiaomi.Mi 9T,0.0
2021-06-25 17:13:52.006000+02:00,patient_Emiel.Xiaomi.Mi 9T,0.0
2021-06-25 17:13:53.246000+02:00,patient_Emiel.Xiaomi.Mi 9T,0.0
2021-06-25 17:13:54.266000+02:00,patient_Emiel.Xiaomi.Mi 9T,0.0
2021-06-25 17:13:55.306000+02:00,patient_Emiel.Xiaomi.Mi 9T,0.0
2021-06-25 17:13:56.467000+02:00,patient_Emiel.Xiaomi.Mi 9T,0.0
2021-06-25 17:13:57.907000+02:00,patient_Emiel.Xiaomi.Mi 9T,0.0
2021-06-25 17:13:59.307000+02:00,patient_Emiel.Xiaomi.Mi 9T,0.0
2021-06-25 17:14:01.027000+02:00,patient_Emiel.Xiaomi.Mi 9T,0.0
2021-06-25 17:14:02.226000+02:00,patient_Emiel.Xiaomi.Mi 9T,0.0
2021-06-25 17:14:03.586000+02:00,patient_Emiel.Xiaomi.Mi 9T,0.0
2021-06-25 17:14:04.746000+02:00,patient_Emiel.Xiaomi.Mi 9T,0.0
2021-06-25 17:14:05.866000+02:00,patient_Emiel.Xiaomi.Mi 9T,0.0
2021-06-25 17:14:07.067000+02:00,patient_Emiel.Xiaomi.Mi 9T,0.0
2021-06-25 17:14:08.267000+02:00,patient_Emiel.Xiaomi.Mi 9T,0.0
2021-06-25 17:14:09.506000+02:00,patient_Emiel.Xiaomi.Mi 9T,0.0
2021-06-25 17:14:10.547000+02:00,patient_Emiel.Xiaomi.Mi 9T,0.0
2021-06-25 17:14:11.666000+02:00,patient_Emiel.Xiaomi.Mi 9T,0.0
2021-06-25 17:14:13.186000+02:00,patient_Emiel.Xiaomi.Mi 9T,0.0
2021-06-25 17:14:14.346000+02:00,patient_Emiel.Xiaomi.Mi 9T,0.0
2021-06-25 17:14:15.466000+02:00,patient_Emiel.Xiaomi.Mi 9T,0.0
2021-06-25 17:14:16.507000+02:00,patient_Emiel.Xiaomi.Mi 9T,0.0
2021-06-25 17:14:17.746000+02:00,patient_Emiel.Xiaomi.Mi 9T,0.0
2021-06-25 17:14:18.987000+02:00,patient_Emiel.Xiaomi.Mi 9T,0.0
2021-06-25 17:14:20.266000+02:00,patient_Emiel.Xiaomi.Mi 9T,0.0
2021-06-25 17:14:21.467000+02:00,patient_Emiel.Xiaomi.Mi 9T,0.0
2021-06-25 17:14:22.586000+02:00,patient_Emiel.Xiaomi.Mi 9T,0.0
2021-06-25 17:14:23.626000+02:00,patient_Emiel.Xiaomi.Mi 9T,0.0
2021-06-25 17:14:24.706000+02:00,patient_Emiel.Xiaomi.Mi 9T,0.0
2021-06-25 17:14:25.746000+02:00,patient_Emiel.Xiaomi.Mi 9T,0.0
2021-06-25 17:14:27.386000+02:00,patient_Emiel.Xiaomi.Mi 9T,0.0
2021-06-25 17:14:29.266000+02:00,patient_Emiel.Xiaomi.Mi 9T,0.0
2021-06-25 17:14:30.466000+02:00,patient_Emiel.Xiaomi.Mi 9T,0.0
2021-06-25 17:14:31.507000+02:00,patient_Emiel.Xiaomi.Mi 9T,0.0
2021-06-25 17:14:32.586000+02:00,patient_Emiel.Xiaomi.Mi 9T,0.0
2021-06-25 17:14:33.946000+02:00,patient_Emiel.Xiaomi.Mi 9T,0.0
2021-06-25 17:14:35.566000+02:00,patient_Emiel.Xiaomi.Mi 9T,0.0
2021-06-25 17:14:49.206000+02:00,patient_Emiel.Xiaomi.Mi 9T,0.0
2021-06-25 17:14:50.406000+02:00,patient_Emiel.Xiaomi.Mi 9T,0.0
2021-06-25 17:14:51.667000+02:00,patient_Emiel.Xiaomi.Mi 9T,0.0
2021-06-25 17:14:52.907000+02:00,patient_Emiel.Xiaomi.Mi 9T,0.0
2021-06-25 17:14:54.386000+02:00,patient_Emiel.Xiaomi.Mi 9T,0.0
2021-06-25 17:14:55.706000+02:00,patient_Emiel.Xiaomi.Mi 9T,0.0
2021-06-25 17:14:57.427000+02:00,patient_Emiel.Xiaomi.Mi 9T,0.0
2021-06-25 17:14:59.507000+02:00,patient_Emiel.Xiaomi.Mi 9T,0.0
2021-06-25 17:16:48.410000+02:00,patient_Emiel.Xiaomi.Mi 9T,0.0
2021-06-25 17:16:49.930000+02:00,patient_Emiel.Xiaomi.Mi 9T,0.0
2021-06-25 17:16:51.070000+02:00,patient_Emiel.Xiaomi.Mi 9T,0.0
2021-06-25 17:16:52.231000+02:00,patient_Emiel.Xiaomi.Mi 9T,0.0
2021-06-25 17:16:53.350000+02:00,patient_Emiel.Xiaomi.Mi 9T,0.0
2021-06-25 17:16:54.630000+02:00,patient_Emiel.Xiaomi.Mi 9T,0.0
2021-06-25 17:16:55.790000+02:00,patient_Emiel.Xiaomi.Mi 9T,0.0
2021-06-25 17:17:04.090000+02:00,patient_Emiel.Xiaomi.Mi 9T,0.0
2021-06-25 17:17:05.171000+02:00,patient_Emiel.Xiaomi.Mi 9T,0.0
2021-06-25 17:17:06.291000+02:00,patient_Emiel.Xiaomi.Mi 9T,0.0
2021-06-25 17:17:07.451000+02:00,patient_Emiel.Xiaomi.Mi 9T,0.0
2021-06-25 17:17:08.551000+02:00,patient_Emiel.Xiaomi.Mi 9T,0.0
2021-06-25 17:17:09.751000+02:00,patient_Emiel.Xiaomi.Mi 9T,0.0
2021-06-25 17:17:22.651000+02:00,patient_Emiel.Xiaomi.Mi 9T,0.0
2021-06-25 17:17:24.011000+02:00,patient_Emiel.Xiaomi.Mi 9T,0.0
2021-06-25 17:17:25.031000+02:00,patient_Emiel.Xiaomi.Mi 9T,0.0
2021-06-25 17:17:26.671000+02:00,patient_Emiel.Xiaomi.Mi 9T,0.0
2021-06-25 17:17:28.111000+02:00,patient_Emiel.Xiaomi.Mi 9T,0.0
2021-06-25 17:17:29.790000+02:00,patient_Emiel.Xiaomi.Mi 9T,0.0
2021-06-25 17:17:30.910000+02:00,patient_Emiel.Xiaomi.Mi 9T,0.0
2021-06-25 17:17:32.071000+02:00,patient_Emiel.Xiaomi.Mi 9T,0.0
2021-06-25 17:17:33.271000+02:00,patient_Emiel.Xiaomi.Mi 9T,0.0
2021-06-25 17:19:41.033000+02:00,patient_Emiel.Xiaomi.Mi 9T,0.0
2021-06-25 17:19:43.593000+02:00,patient_Emiel.Xiaomi.Mi 9T,0.0
2021-06-25 17:19:44.673000+02:00,patient_Emiel.Xiaomi.Mi 9T,0.0
2021-06-25 17:19:45.733000+02:00,patient_Emiel.Xiaomi.Mi 9T,0.0
2021-06-25 17:19:46.813000+02:00,patient_Emiel.Xiaomi.Mi 9T,0.0
2021-06-25 17:19:48.014000+02:00,patient_Emiel.Xiaomi.Mi 9T,0.0
2021-06-25 17:19:49.374000+02:00,patient_Emiel.Xiaomi.Mi 9T,0.0
2021-06-25 17:19:50.653000+02:00,patient_Emiel.Xiaomi.Mi 9T,0.0
2021-06-25 17:19:52.053000+02:00,patient_Emiel.Xiaomi.Mi 9T,0.0
2021-06-25 17:19:53.653000+02:00,patient_Emiel.Xiaomi.Mi 9T,0.0
2021-06-25 17:19:54.854000+02:00,patient_Emiel.Xiaomi.Mi 9T,0.0
2021-06-25 17:19:56.173000+02:00,patient_Emiel.Xiaomi.Mi 9T,0.0
2021-06-25 17:19:57.294000+02:00,patient_Emiel.Xiaomi.Mi 9T,0.0
2021-06-25 17:19:58.934000+02:00,patient_Emiel.Xiaomi.Mi 9T,0.0
2021-06-25 17:20:00.373000+02:00,patient_Emiel.Xiaomi.Mi 9T,0.0
2021-06-25 17:20:01.613000+02:00,patient_Emiel.Xiaomi.Mi 9T,0.0
2021-06-25 17:20:03.174000+02:00,patient_Emiel.Xiaomi.Mi 9T,0.0
2021-06-25 17:20:04.294000+02:00,patient_Emiel.Xiaomi.Mi 9T,0.0
2021-06-25 17:20:05.454000+02:00,patient_Emiel.Xiaomi.Mi 9T,0.0
2021-06-25 17:20:07.293000+02:00,patient_Emiel.Xiaomi.Mi 9T,0.0
2021-06-25 17:20:08.833000+02:00,patient_Emiel.Xiaomi.Mi 9T,0.0
