timestamp,source,screen_state
2021-06-07 13:00:50.531000+02:00,Nicolas_test.samsung.SM-G398FN,Off
2021-06-07 13:00:50.531000+02:00,Nicolas_test.samsung.SM-G398FN,Locked
2021-06-07 13:08:16.544000+02:00,Nicolas_test.samsung.SM-G398FN,On
2021-06-07 13:08:17.106000+02:00,Nicolas_test.samsung.SM-G398FN,Unlocked
2021-06-07 13:09:20.793000+02:00,Nicolas_test.samsung.SM-G398FN,Off
2021-06-07 13:20:22.830000+02:00,Nicolas_test.samsung.SM-G398FN,On
2021-06-07 13:20:23.599000+02:00,Nicolas_test.samsung.SM-G398FN,Unlocked
2021-06-07 13:21:57.571000+02:00,Nicolas_test.samsung.SM-G398FN,Off
2021-06-07 13:22:23.193000+02:00,Nicolas_test.samsung.SM-G398FN,On
2021-06-07 13:22:23.852000+02:00,Nicolas_test.samsung.SM-G398FN,Unlocked
2021-06-07 13:26:06.097000+02:00,Nicolas_test.samsung.SM-G398FN,Off
2021-06-07 13:30:36.216000+02:00,Nicolas_test.samsung.SM-G398FN,On
2021-06-07 13:30:36.702000+02:00,Nicolas_test.samsung.SM-G398FN,Unlocked
2021-06-07 13:30:48.353000+02:00,Nicolas_test.samsung.SM-G398FN,Off
2021-06-07 13:30:48.353000+02:00,Nicolas_test.samsung.SM-G398FN,Locked
2021-06-07 15:27:50.986000+02:00,Nicolas_test.samsung.SM-G398FN,On
2021-06-07 15:27:51.448000+02:00,Nicolas_test.samsung.SM-G398FN,Unlocked
2021-06-07 15:28:45.687000+02:00,Nicolas_test.samsung.SM-G398FN,Off
2021-06-07 16:13:27.586000+02:00,Nicolas_test.samsung.SM-G398FN,On
2021-06-07 16:13:28.280000+02:00,Nicolas_test.samsung.SM-G398FN,Unlocked
2021-06-07 16:13:51.238000+02:00,Nicolas_test.samsung.SM-G398FN,Locked
2021-06-07 16:13:51.238000+02:00,Nicolas_test.samsung.SM-G398FN,Off
2021-06-07 16:16:54.189000+02:00,Nicolas_test.samsung.SM-G398FN,On
2021-06-07 16:16:55.010000+02:00,Nicolas_test.samsung.SM-G398FN,Unlocked
2021-06-07 16:18:16.174000+02:00,Nicolas_test.samsung.SM-G398FN,Off
2021-06-07 16:29:32.480000+02:00,Nicolas_test.samsung.SM-G398FN,On
2021-06-07 16:29:33.283000+02:00,Nicolas_test.samsung.SM-G398FN,Unlocked
2021-06-07 16:30:18.895000+02:00,Nicolas_test.samsung.SM-G398FN,Off
2021-06-12 10:34:46.387000+02:00,Nicolas_test.samsung.SM-G398FN,On
2021-06-12 10:34:46.798000+02:00,Nicolas_test.samsung.SM-G398FN,Unlocked
2021-06-12 10:36:21.552000+02:00,Nicolas_test.samsung.SM-G398FN,Off
2021-06-12 10:43:16.820000+02:00,Nicolas_test.samsung.SM-G398FN,On
2021-06-12 10:43:17.556000+02:00,Nicolas_test.samsung.SM-G398FN,Unlocked
2021-06-12 10:44:25.045000+02:00,Nicolas_test.samsung.SM-G398FN,Off
2021-06-12 10:46:05.599000+02:00,Nicolas_test.samsung.SM-G398FN,On
2021-06-12 10:46:06.455000+02:00,Nicolas_test.samsung.SM-G398FN,Unlocked
2021-06-12 10:46:50.022000+02:00,Nicolas_test.samsung.SM-G398FN,Off
2021-06-12 10:53:51.501000+02:00,Nicolas_test.samsung.SM-G398FN,On
2021-06-12 10:53:52.146000+02:00,Nicolas_test.samsung.SM-G398FN,Unlocked
2021-06-12 10:54:43.224000+02:00,Nicolas_test.samsung.SM-G398FN,Off
2021-06-12 11:06:11.455000+02:00,Nicolas_test.samsung.SM-G398FN,On
2021-06-12 11:06:12.054000+02:00,Nicolas_test.samsung.SM-G398FN,Unlocked
2021-06-12 11:06:48.745000+02:00,Nicolas_test.samsung.SM-G398FN,Off
2021-06-12 11:23:03.648000+02:00,Nicolas_test.samsung.SM-G398FN,On
2021-06-12 11:23:04.555000+02:00,Nicolas_test.samsung.SM-G398FN,Unlocked
2021-06-12 11:24:18.185000+02:00,Nicolas_test.samsung.SM-G398FN,Off
2021-06-12 11:52:24.127000+02:00,Nicolas_test.samsung.SM-G398FN,On
2021-06-12 11:52:24.803000+02:00,Nicolas_test.samsung.SM-G398FN,Unlocked
2021-06-12 11:52:56.073000+02:00,Nicolas_test.samsung.SM-G398FN,Off
2021-06-12 13:27:55.009000+02:00,Nicolas_test.samsung.SM-G398FN,On
2021-06-12 13:27:55.125000+02:00,Nicolas_test.samsung.SM-G398FN,Unlocked
2021-06-12 13:29:03.429000+02:00,Nicolas_test.samsung.SM-G398FN,Off
2021-06-12 13:32:33.466000+02:00,Nicolas_test.samsung.SM-G398FN,On
2021-06-12 13:32:34.282000+02:00,Nicolas_test.samsung.SM-G398FN,Unlocked
2021-06-12 13:33:05.299000+02:00,Nicolas_test.samsung.SM-G398FN,Off
2021-06-12 13:39:04.494000+02:00,Nicolas_test.samsung.SM-G398FN,On
2021-06-12 13:39:05.259000+02:00,Nicolas_test.samsung.SM-G398FN,Unlocked
2021-06-12 13:39:50.184000+02:00,Nicolas_test.samsung.SM-G398FN,Off
2021-06-12 14:15:35.848000+02:00,Nicolas_test.samsung.SM-G398FN,On
2021-06-12 14:15:36.382000+02:00,Nicolas_test.samsung.SM-G398FN,Unlocked
2021-06-12 14:17:48.143000+02:00,Nicolas_test.samsung.SM-G398FN,Off
2021-06-12 14:18:47.129000+02:00,Nicolas_test.samsung.SM-G398FN,On
2021-06-12 14:18:50.221000+02:00,Nicolas_test.samsung.SM-G398FN,Unlocked
2021-06-12 14:19:21.551000+02:00,Nicolas_test.samsung.SM-G398FN,Off
2021-06-12 14:19:32.825000+02:00,Nicolas_test.samsung.SM-G398FN,On
2021-06-12 14:19:35.544000+02:00,Nicolas_test.samsung.SM-G398FN,Unlocked
2021-06-12 14:21:17.518000+02:00,Nicolas_test.samsung.SM-G398FN,Off
2021-06-12 14:22:40.736000+02:00,Nicolas_test.samsung.SM-G398FN,On
2021-06-12 14:22:41.321000+02:00,Nicolas_test.samsung.SM-G398FN,Unlocked
2021-06-12 14:23:12.557000+02:00,Nicolas_test.samsung.SM-G398FN,Off
2021-06-12 14:57:17.776000+02:00,Nicolas_test.samsung.SM-G398FN,On
2021-06-12 14:57:18.203000+02:00,Nicolas_test.samsung.SM-G398FN,Unlocked
2021-06-12 14:58:21.950000+02:00,Nicolas_test.samsung.SM-G398FN,Off
2021-06-12 14:59:13.839000+02:00,Nicolas_test.samsung.SM-G398FN,On
2021-06-12 14:59:14.588000+02:00,Nicolas_test.samsung.SM-G398FN,Unlocked
2021-06-12 14:59:59.820000+02:00,Nicolas_test.samsung.SM-G398FN,Off
2021-06-12 15:37:34.157000+02:00,Nicolas_test.samsung.SM-G398FN,On
2021-06-12 15:37:35.021000+02:00,Nicolas_test.samsung.SM-G398FN,Unlocked
2021-06-12 15:38:39.939000+02:00,Nicolas_test.samsung.SM-G398FN,Locked
2021-06-12 15:38:39.939000+02:00,Nicolas_test.samsung.SM-G398FN,Off
2021-06-12 16:27:48.429000+02:00,Nicolas_test.samsung.SM-G398FN,On
2021-06-12 16:27:48.760000+02:00,Nicolas_test.samsung.SM-G398FN,Unlocked
2021-06-12 16:28:10.328000+02:00,Nicolas_test.samsung.SM-G398FN,Off
2021-06-12 16:28:10.328000+02:00,Nicolas_test.samsung.SM-G398FN,Locked
2021-06-12 17:04:20.896000+02:00,Nicolas_test.samsung.SM-G398FN,On
2021-06-12 17:04:25.216000+02:00,Nicolas_test.samsung.SM-G398FN,Off
2021-06-12 17:12:27.660000+02:00,Nicolas_test.samsung.SM-G398FN,On
2021-06-12 17:12:33.491000+02:00,Nicolas_test.samsung.SM-G398FN,Off
2021-06-12 18:05:33.561000+02:00,Nicolas_test.samsung.SM-G398FN,On
2021-06-12 18:05:34.897000+02:00,Nicolas_test.samsung.SM-G398FN,Unlocked
2021-06-12 18:06:21.536000+02:00,Nicolas_test.samsung.SM-G398FN,Off
2021-06-12 18:11:22.011000+02:00,Nicolas_test.samsung.SM-G398FN,On
2021-06-12 18:11:22.579000+02:00,Nicolas_test.samsung.SM-G398FN,Unlocked
2021-06-12 18:11:53.783000+02:00,Nicolas_test.samsung.SM-G398FN,Off
2021-06-12 18:14:01.660000+02:00,Nicolas_test.samsung.SM-G398FN,On
2021-06-12 18:14:02.123000+02:00,Nicolas_test.samsung.SM-G398FN,Unlocked
2021-06-12 18:15:49.104000+02:00,Nicolas_test.samsung.SM-G398FN,Locked
2021-06-12 18:15:49.104000+02:00,Nicolas_test.samsung.SM-G398FN,Off
2021-06-12 18:17:55.867000+02:00,Nicolas_test.samsung.SM-G398FN,On
2021-06-12 18:17:56.639000+02:00,Nicolas_test.samsung.SM-G398FN,Unlocked
2021-06-12 18:19:04.570000+02:00,Nicolas_test.samsung.SM-G398FN,Off
2021-06-12 18:22:02.614000+02:00,Nicolas_test.samsung.SM-G398FN,On
2021-06-12 18:22:03.192000+02:00,Nicolas_test.samsung.SM-G398FN,Unlocked
2021-06-12 18:23:12.962000+02:00,Nicolas_test.samsung.SM-G398FN,Locked
2021-06-12 18:23:12.962000+02:00,Nicolas_test.samsung.SM-G398FN,Off
2021-06-12 18:26:18.013000+02:00,Nicolas_test.samsung.SM-G398FN,On
2021-06-12 18:26:27.386000+02:00,Nicolas_test.samsung.SM-G398FN,Locked
2021-06-12 18:26:27.386000+02:00,Nicolas_test.samsung.SM-G398FN,Off
2021-06-12 18:26:29.416000+02:00,Nicolas_test.samsung.SM-G398FN,On
2021-06-12 18:26:37.040000+02:00,Nicolas_test.samsung.SM-G398FN,Locked
2021-06-12 18:26:37.040000+02:00,Nicolas_test.samsung.SM-G398FN,Off
2021-06-12 18:26:38.372000+02:00,Nicolas_test.samsung.SM-G398FN,On
2021-06-12 18:26:44.038000+02:00,Nicolas_test.samsung.SM-G398FN,Locked
2021-06-12 18:26:44.038000+02:00,Nicolas_test.samsung.SM-G398FN,Off
2021-06-12 18:27:38.603000+02:00,Nicolas_test.samsung.SM-G398FN,On
2021-06-12 18:27:44.276000+02:00,Nicolas_test.samsung.SM-G398FN,Off
2021-06-12 18:27:47.050000+02:00,Nicolas_test.samsung.SM-G398FN,On
2021-06-12 18:27:52.456000+02:00,Nicolas_test.samsung.SM-G398FN,Off
2021-06-12 18:27:52.456000+02:00,Nicolas_test.samsung.SM-G398FN,Locked
2021-06-12 18:27:55.780000+02:00,Nicolas_test.samsung.SM-G398FN,On
2021-06-12 18:28:01.377000+02:00,Nicolas_test.samsung.SM-G398FN,Off
2021-06-12 18:28:03.073000+02:00,Nicolas_test.samsung.SM-G398FN,On
2021-06-12 18:28:10.916000+02:00,Nicolas_test.samsung.SM-G398FN,Unlocked
2021-06-12 18:29:35.594000+02:00,Nicolas_test.samsung.SM-G398FN,Off
2021-06-12 18:45:11.370000+02:00,Nicolas_test.samsung.SM-G398FN,On
2021-06-12 18:45:11.780000+02:00,Nicolas_test.samsung.SM-G398FN,Unlocked
2021-06-12 18:45:56.091000+02:00,Nicolas_test.samsung.SM-G398FN,Locked
2021-06-12 18:45:56.091000+02:00,Nicolas_test.samsung.SM-G398FN,Off
2021-06-12 18:46:30.956000+02:00,Nicolas_test.samsung.SM-G398FN,On
2021-06-12 18:46:34.120000+02:00,Nicolas_test.samsung.SM-G398FN,Unlocked
2021-06-12 18:47:05.300000+02:00,Nicolas_test.samsung.SM-G398FN,Off
2021-06-12 18:49:37.093000+02:00,Nicolas_test.samsung.SM-G398FN,On
2021-06-12 18:49:38.206000+02:00,Nicolas_test.samsung.SM-G398FN,Unlocked
2021-06-12 18:50:14.712000+02:00,Nicolas_test.samsung.SM-G398FN,Off
2021-06-12 20:24:33.510000+02:00,Nicolas_test.samsung.SM-G398FN,On
2021-06-12 20:24:33.589000+02:00,Nicolas_test.samsung.SM-G398FN,Unlocked
2021-06-12 20:25:51.350000+02:00,Nicolas_test.samsung.SM-G398FN,Off
2021-06-12 20:27:01.748000+02:00,Nicolas_test.samsung.SM-G398FN,On
2021-06-12 20:27:02.664000+02:00,Nicolas_test.samsung.SM-G398FN,Unlocked
2021-06-12 20:29:10.739000+02:00,Nicolas_test.samsung.SM-G398FN,Off
2021-06-12 20:29:45.116000+02:00,Nicolas_test.samsung.SM-G398FN,On
2021-06-12 20:29:47.787000+02:00,Nicolas_test.samsung.SM-G398FN,Off
2021-06-12 20:29:48.144000+02:00,Nicolas_test.samsung.SM-G398FN,On
2021-06-12 20:29:48.714000+02:00,Nicolas_test.samsung.SM-G398FN,Unlocked
2021-06-12 20:31:43.840000+02:00,Nicolas_test.samsung.SM-G398FN,Off
2021-06-12 20:41:21.782000+02:00,Nicolas_test.samsung.SM-G398FN,On
2021-06-12 20:41:22.443000+02:00,Nicolas_test.samsung.SM-G398FN,Unlocked
2021-06-12 20:41:47.181000+02:00,Nicolas_test.samsung.SM-G398FN,Off
2021-06-12 20:41:47.181000+02:00,Nicolas_test.samsung.SM-G398FN,Locked
2021-06-12 20:51:52.855000+02:00,Nicolas_test.samsung.SM-G398FN,On
2021-06-12 20:51:53.583000+02:00,Nicolas_test.samsung.SM-G398FN,Unlocked
2021-06-12 20:52:48.304000+02:00,Nicolas_test.samsung.SM-G398FN,Locked
2021-06-12 20:52:48.304000+02:00,Nicolas_test.samsung.SM-G398FN,Off
2021-06-12 21:19:50.538000+02:00,Nicolas_test.samsung.SM-G398FN,On
2021-06-12 21:19:51.045000+02:00,Nicolas_test.samsung.SM-G398FN,Unlocked
2021-06-12 21:20:24.764000+02:00,Nicolas_test.samsung.SM-G398FN,Off
2021-06-12 21:23:39.983000+02:00,Nicolas_test.samsung.SM-G398FN,On
2021-06-12 21:23:40.668000+02:00,Nicolas_test.samsung.SM-G398FN,Unlocked
2021-06-12 21:23:59.879000+02:00,Nicolas_test.samsung.SM-G398FN,Locked
2021-06-12 21:23:59.879000+02:00,Nicolas_test.samsung.SM-G398FN,Off
2021-06-12 21:36:42.289000+02:00,Nicolas_test.samsung.SM-G398FN,On
2021-06-12 21:36:42.959000+02:00,Nicolas_test.samsung.SM-G398FN,Unlocked
2021-06-12 21:37:04.983000+02:00,Nicolas_test.samsung.SM-G398FN,Off
2021-06-12 23:13:31.870000+02:00,Nicolas_test.samsung.SM-G398FN,On
2021-06-12 23:13:33.677000+02:00,Nicolas_test.samsung.SM-G398FN,Unlocked
2021-06-12 23:15:13.539000+02:00,Nicolas_test.samsung.SM-G398FN,Locked
2021-06-12 23:15:13.539000+02:00,Nicolas_test.samsung.SM-G398FN,Off
2021-06-13 07:40:41.226000+02:00,Nicolas_test.samsung.SM-G398FN,On
2021-06-13 07:40:51.163000+02:00,Nicolas_test.samsung.SM-G398FN,Unlocked
2021-06-13 07:41:38.722000+02:00,Nicolas_test.samsung.SM-G398FN,Off
2021-06-14 13:52:05.890000+02:00,Nicolas_test.samsung.SM-G398FN,On
2021-06-14 13:52:06.450000+02:00,Nicolas_test.samsung.SM-G398FN,Unlocked
2021-06-14 13:52:36.868000+02:00,Nicolas_test.samsung.SM-G398FN,Off
2021-06-14 13:52:36.868000+02:00,Nicolas_test.samsung.SM-G398FN,Locked
2021-06-16 07:15:14.668000+02:00,Nicolas_test.samsung.SM-G398FN,Off
2021-06-16 07:15:14.668000+02:00,Nicolas_test.samsung.SM-G398FN,Locked
2021-06-16 08:15:02.018000+02:00,Nicolas_test.samsung.SM-G398FN,On
2021-06-16 08:15:02.188000+02:00,Nicolas_test.samsung.SM-G398FN,Unlocked
2021-06-16 08:15:37.547000+02:00,Nicolas_test.samsung.SM-G398FN,Off
2021-06-16 08:44:15.081000+02:00,Nicolas_test.samsung.SM-G398FN,On
2021-06-16 08:44:15.622000+02:00,Nicolas_test.samsung.SM-G398FN,Unlocked
2021-06-16 08:44:47.504000+02:00,Nicolas_test.samsung.SM-G398FN,Off
2021-06-16 09:50:39.325000+02:00,Nicolas_test.samsung.SM-G398FN,On
2021-06-16 09:50:45.870000+02:00,Nicolas_test.samsung.SM-G398FN,Off
2021-06-16 09:50:45.870000+02:00,Nicolas_test.samsung.SM-G398FN,Locked
2021-06-16 10:02:17.659000+02:00,Nicolas_test.samsung.SM-G398FN,On
2021-06-16 10:02:18.299000+02:00,Nicolas_test.samsung.SM-G398FN,Unlocked
2021-06-16 10:02:56.966000+02:00,Nicolas_test.samsung.SM-G398FN,Off
2021-06-16 10:02:56.966000+02:00,Nicolas_test.samsung.SM-G398FN,Locked
2021-06-16 10:26:13.878000+02:00,Nicolas_test.samsung.SM-G398FN,On
2021-06-16 10:26:14.498000+02:00,Nicolas_test.samsung.SM-G398FN,Unlocked
2021-06-16 10:26:25.652000+02:00,Nicolas_test.samsung.SM-G398FN,Off
2021-06-16 10:51:14.199000+02:00,Nicolas_test.samsung.SM-G398FN,On
2021-06-16 10:51:14.836000+02:00,Nicolas_test.samsung.SM-G398FN,Unlocked
2021-06-16 10:52:44.147000+02:00,Nicolas_test.samsung.SM-G398FN,Locked
2021-06-16 10:52:44.147000+02:00,Nicolas_test.samsung.SM-G398FN,Off
2021-06-16 11:23:53.517000+02:00,Nicolas_test.samsung.SM-G398FN,On
2021-06-16 11:23:54.091000+02:00,Nicolas_test.samsung.SM-G398FN,Unlocked
2021-06-16 11:24:15.272000+02:00,Nicolas_test.samsung.SM-G398FN,Off
2021-06-16 11:58:28.017000+02:00,Nicolas_test.samsung.SM-G398FN,On
2021-06-16 11:58:28.566000+02:00,Nicolas_test.samsung.SM-G398FN,Unlocked
2021-06-16 11:58:56.468000+02:00,Nicolas_test.samsung.SM-G398FN,Off
2021-06-16 14:14:31.460000+02:00,Nicolas_test.samsung.SM-G398FN,On
2021-06-16 14:14:32.319000+02:00,Nicolas_test.samsung.SM-G398FN,Unlocked
2021-06-16 14:15:17.960000+02:00,Nicolas_test.samsung.SM-G398FN,Locked
2021-06-16 14:15:17.960000+02:00,Nicolas_test.samsung.SM-G398FN,Off
2021-06-16 14:33:44.791000+02:00,Nicolas_test.samsung.SM-G398FN,On
2021-06-16 14:33:45.356000+02:00,Nicolas_test.samsung.SM-G398FN,Unlocked
2021-06-16 14:35:17.543000+02:00,Nicolas_test.samsung.SM-G398FN,Off
2021-06-16 14:35:17.543000+02:00,Nicolas_test.samsung.SM-G398FN,Locked
2021-06-16 15:46:39.194000+02:00,Nicolas_test.samsung.SM-G398FN,On
2021-06-16 15:46:40.068000+02:00,Nicolas_test.samsung.SM-G398FN,Unlocked
2021-06-16 15:48:01.580000+02:00,Nicolas_test.samsung.SM-G398FN,Off
2021-06-16 15:49:28.310000+02:00,Nicolas_test.samsung.SM-G398FN,On
2021-06-16 15:49:29.029000+02:00,Nicolas_test.samsung.SM-G398FN,Unlocked
2021-06-16 15:50:08.919000+02:00,Nicolas_test.samsung.SM-G398FN,Off
2021-06-16 15:50:08.919000+02:00,Nicolas_test.samsung.SM-G398FN,Locked
2021-06-16 15:50:19.657000+02:00,Nicolas_test.samsung.SM-G398FN,On
2021-06-16 15:50:20.364000+02:00,Nicolas_test.samsung.SM-G398FN,Unlocked
2021-06-16 15:51:17.146000+02:00,Nicolas_test.samsung.SM-G398FN,Off
2021-06-16 15:53:10.996000+02:00,Nicolas_test.samsung.SM-G398FN,On
2021-06-16 15:53:11.903000+02:00,Nicolas_test.samsung.SM-G398FN,Unlocked
2021-06-16 15:54:04.672000+02:00,Nicolas_test.samsung.SM-G398FN,Off
2021-06-16 15:58:52.291000+02:00,Nicolas_test.samsung.SM-G398FN,On
2021-06-16 15:58:53.046000+02:00,Nicolas_test.samsung.SM-G398FN,Unlocked
2021-06-16 16:00:05.535000+02:00,Nicolas_test.samsung.SM-G398FN,Off
2021-06-16 16:00:18.738000+02:00,Nicolas_test.samsung.SM-G398FN,On
2021-06-16 16:00:19.540000+02:00,Nicolas_test.samsung.SM-G398FN,Unlocked
2021-06-16 16:01:21.688000+02:00,Nicolas_test.samsung.SM-G398FN,Off
2021-06-16 16:09:26.268000+02:00,Nicolas_test.samsung.SM-G398FN,On
2021-06-16 16:09:26.811000+02:00,Nicolas_test.samsung.SM-G398FN,Unlocked
2021-06-16 16:12:49.904000+02:00,Nicolas_test.samsung.SM-G398FN,Off
2021-06-16 16:15:55.066000+02:00,Nicolas_test.samsung.SM-G398FN,On
2021-06-16 16:15:55.797000+02:00,Nicolas_test.samsung.SM-G398FN,Unlocked
2021-06-16 16:17:45.947000+02:00,Nicolas_test.samsung.SM-G398FN,Off
2021-06-16 16:18:15.963000+02:00,Nicolas_test.samsung.SM-G398FN,On
2021-06-16 16:18:16.268000+02:00,Nicolas_test.samsung.SM-G398FN,Unlocked
2021-06-16 16:18:51.851000+02:00,Nicolas_test.samsung.SM-G398FN,Off
2021-06-16 16:19:27.465000+02:00,Nicolas_test.samsung.SM-G398FN,On
2021-06-16 16:19:28.267000+02:00,Nicolas_test.samsung.SM-G398FN,Unlocked
2021-06-16 16:20:41.907000+02:00,Nicolas_test.samsung.SM-G398FN,Off
2021-06-16 16:20:42.584000+02:00,Nicolas_test.samsung.SM-G398FN,On
2021-06-16 16:22:41.898000+02:00,Nicolas_test.samsung.SM-G398FN,Off
2021-06-16 16:27:54.741000+02:00,Nicolas_test.samsung.SM-G398FN,On
2021-06-16 16:27:57.724000+02:00,Nicolas_test.samsung.SM-G398FN,Off
2021-06-16 16:28:01.022000+02:00,Nicolas_test.samsung.SM-G398FN,On
2021-06-16 16:28:01.702000+02:00,Nicolas_test.samsung.SM-G398FN,Unlocked
2021-06-16 16:28:34.121000+02:00,Nicolas_test.samsung.SM-G398FN,Off
2021-06-16 16:48:03.617000+02:00,Nicolas_test.samsung.SM-G398FN,On
2021-06-16 16:48:04.151000+02:00,Nicolas_test.samsung.SM-G398FN,Unlocked
2021-06-16 16:48:49.710000+02:00,Nicolas_test.samsung.SM-G398FN,Off
2021-06-16 16:50:30.718000+02:00,Nicolas_test.samsung.SM-G398FN,On
2021-06-16 16:50:36.264000+02:00,Nicolas_test.samsung.SM-G398FN,Off
2021-06-16 17:24:56.348000+02:00,Nicolas_test.samsung.SM-G398FN,On
2021-06-16 17:24:57.522000+02:00,Nicolas_test.samsung.SM-G398FN,Unlocked
2021-06-16 17:25:45.756000+02:00,Nicolas_test.samsung.SM-G398FN,Off
2021-06-16 18:16:19.054000+02:00,Nicolas_test.samsung.SM-G398FN,On
2021-06-16 18:16:20.292000+02:00,Nicolas_test.samsung.SM-G398FN,Unlocked
2021-06-16 18:18:12.380000+02:00,Nicolas_test.samsung.SM-G398FN,Off
2021-06-16 18:35:57.365000+02:00,Nicolas_test.samsung.SM-G398FN,On
2021-06-16 18:35:57.978000+02:00,Nicolas_test.samsung.SM-G398FN,Unlocked
2021-06-16 18:36:16.488000+02:00,Nicolas_test.samsung.SM-G398FN,Off
2021-06-16 18:40:07.679000+02:00,Nicolas_test.samsung.SM-G398FN,On
2021-06-16 18:40:09.192000+02:00,Nicolas_test.samsung.SM-G398FN,Unlocked
2021-06-16 18:40:20.183000+02:00,Nicolas_test.samsung.SM-G398FN,Locked
2021-06-16 18:40:20.183000+02:00,Nicolas_test.samsung.SM-G398FN,Off
2021-06-16 19:09:53.038000+02:00,Nicolas_test.samsung.SM-G398FN,On
2021-06-16 19:09:53.585000+02:00,Nicolas_test.samsung.SM-G398FN,Unlocked
2021-06-16 19:10:42.856000+02:00,Nicolas_test.samsung.SM-G398FN,Off
2021-06-16 19:13:27.224000+02:00,Nicolas_test.samsung.SM-G398FN,On
2021-06-16 19:13:28.185000+02:00,Nicolas_test.samsung.SM-G398FN,Unlocked
2021-06-16 19:15:52.820000+02:00,Nicolas_test.samsung.SM-G398FN,Locked
2021-06-16 19:15:52.820000+02:00,Nicolas_test.samsung.SM-G398FN,Off
2021-06-16 19:30:00.858000+02:00,Nicolas_test.samsung.SM-G398FN,On
2021-06-16 19:30:02.557000+02:00,Nicolas_test.samsung.SM-G398FN,Unlocked
2021-06-16 19:30:38.898000+02:00,Nicolas_test.samsung.SM-G398FN,Locked
2021-06-16 19:30:38.898000+02:00,Nicolas_test.samsung.SM-G398FN,Off
2021-06-16 19:39:09.109000+02:00,Nicolas_test.samsung.SM-G398FN,On
2021-06-16 19:39:10.107000+02:00,Nicolas_test.samsung.SM-G398FN,Unlocked
2021-06-16 19:41:56.867000+02:00,Nicolas_test.samsung.SM-G398FN,Off
2021-06-16 19:41:56.867000+02:00,Nicolas_test.samsung.SM-G398FN,Locked
2021-06-16 19:42:02.024000+02:00,Nicolas_test.samsung.SM-G398FN,On
2021-06-16 19:42:07.805000+02:00,Nicolas_test.samsung.SM-G398FN,Locked
2021-06-16 19:42:07.805000+02:00,Nicolas_test.samsung.SM-G398FN,Off
2021-06-16 20:04:46.345000+02:00,Nicolas_test.samsung.SM-G398FN,On
2021-06-16 20:04:47.341000+02:00,Nicolas_test.samsung.SM-G398FN,Unlocked
2021-06-16 20:05:39.499000+02:00,Nicolas_test.samsung.SM-G398FN,Off
2021-06-16 21:16:24.264000+02:00,Nicolas_test.samsung.SM-G398FN,On
2021-06-16 21:16:24.832000+02:00,Nicolas_test.samsung.SM-G398FN,Unlocked
2021-06-16 21:17:09.916000+02:00,Nicolas_test.samsung.SM-G398FN,Locked
2021-06-16 21:17:09.916000+02:00,Nicolas_test.samsung.SM-G398FN,Off
2021-06-16 21:46:38.865000+02:00,Nicolas_test.samsung.SM-G398FN,On
2021-06-16 21:46:39.671000+02:00,Nicolas_test.samsung.SM-G398FN,Unlocked
2021-06-16 21:46:55.593000+02:00,Nicolas_test.samsung.SM-G398FN,Off
2021-06-16 22:50:33.445000+02:00,Nicolas_test.samsung.SM-G398FN,On
2021-06-16 22:50:39.046000+02:00,Nicolas_test.samsung.SM-G398FN,Off
2021-06-16 22:57:55.638000+02:00,Nicolas_test.samsung.SM-G398FN,On
2021-06-16 22:57:56.331000+02:00,Nicolas_test.samsung.SM-G398FN,Unlocked
2021-06-16 22:58:28.877000+02:00,Nicolas_test.samsung.SM-G398FN,Off
2021-06-17 04:11:45.430000+02:00,Nicolas_test.samsung.SM-G398FN,On
2021-06-17 04:11:50.662000+02:00,Nicolas_test.samsung.SM-G398FN,Locked
2021-06-17 04:11:50.662000+02:00,Nicolas_test.samsung.SM-G398FN,Off
2021-06-17 05:37:45.656000+02:00,Nicolas_test.samsung.SM-G398FN,On
2021-06-17 05:37:50.896000+02:00,Nicolas_test.samsung.SM-G398FN,Locked
2021-06-17 05:37:50.896000+02:00,Nicolas_test.samsung.SM-G398FN,Off
2021-06-17 07:25:42.569000+02:00,Nicolas_test.samsung.SM-G398FN,On
2021-06-17 07:25:47.770000+02:00,Nicolas_test.samsung.SM-G398FN,Off
2021-06-17 07:25:47.770000+02:00,Nicolas_test.samsung.SM-G398FN,Locked
2021-06-17 07:27:58.607000+02:00,Nicolas_test.samsung.SM-G398FN,On
2021-06-17 07:28:00.547000+02:00,Nicolas_test.samsung.SM-G398FN,Unlocked
2021-06-17 07:28:14.896000+02:00,Nicolas_test.samsung.SM-G398FN,Off
2021-06-17 07:28:14.896000+02:00,Nicolas_test.samsung.SM-G398FN,Locked
2021-06-17 08:29:20.437000+02:00,Nicolas_test.samsung.SM-G398FN,On
2021-06-17 08:29:21.259000+02:00,Nicolas_test.samsung.SM-G398FN,Unlocked
2021-06-17 08:31:45.164000+02:00,Nicolas_test.samsung.SM-G398FN,Locked
2021-06-17 08:31:45.164000+02:00,Nicolas_test.samsung.SM-G398FN,Off
2021-06-17 09:09:09.477000+02:00,Nicolas_test.samsung.SM-G398FN,On
2021-06-17 09:09:10.433000+02:00,Nicolas_test.samsung.SM-G398FN,Unlocked
2021-06-17 09:09:30.013000+02:00,Nicolas_test.samsung.SM-G398FN,Off
2021-06-17 10:06:50.481000+02:00,Nicolas_test.samsung.SM-G398FN,On
2021-06-17 10:06:51.041000+02:00,Nicolas_test.samsung.SM-G398FN,Unlocked
2021-06-17 10:08:33.973000+02:00,Nicolas_test.samsung.SM-G398FN,Off
2021-06-17 10:38:18.641000+02:00,Nicolas_test.samsung.SM-G398FN,On
2021-06-17 10:38:24.368000+02:00,Nicolas_test.samsung.SM-G398FN,Locked
2021-06-17 10:38:24.368000+02:00,Nicolas_test.samsung.SM-G398FN,Off
2021-06-17 17:02:30.505000+02:00,Nicolas_test.samsung.SM-G398FN,On
2021-06-17 17:02:30.680000+02:00,Nicolas_test.samsung.SM-G398FN,Unlocked
2021-06-17 17:04:07.149000+02:00,Nicolas_test.samsung.SM-G398FN,Off
2021-06-17 17:55:20.262000+02:00,Nicolas_test.samsung.SM-G398FN,On
2021-06-17 17:55:21.374000+02:00,Nicolas_test.samsung.SM-G398FN,Unlocked
2021-06-17 17:55:40.354000+02:00,Nicolas_test.samsung.SM-G398FN,Off
2021-06-17 20:02:39.276000+02:00,Nicolas_test.samsung.SM-G398FN,On
2021-06-17 20:02:40.258000+02:00,Nicolas_test.samsung.SM-G398FN,Unlocked
2021-06-17 20:05:19.973000+02:00,Nicolas_test.samsung.SM-G398FN,Off
2021-06-17 21:35:45.868000+02:00,Nicolas_test.samsung.SM-G398FN,On
2021-06-17 21:35:49.574000+02:00,Nicolas_test.samsung.SM-G398FN,Locked
2021-06-17 21:35:49.574000+02:00,Nicolas_test.samsung.SM-G398FN,Off
2021-06-17 21:36:06.852000+02:00,Nicolas_test.samsung.SM-G398FN,On
2021-06-17 21:36:12.519000+02:00,Nicolas_test.samsung.SM-G398FN,Off
2021-06-17 22:29:53.962000+02:00,Nicolas_test.samsung.SM-G398FN,On
2021-06-17 22:29:55.536000+02:00,Nicolas_test.samsung.SM-G398FN,Unlocked
2021-06-17 22:30:00.014000+02:00,Nicolas_test.samsung.SM-G398FN,Off
2021-06-17 22:30:00.014000+02:00,Nicolas_test.samsung.SM-G398FN,Locked
2021-06-18 23:22:35.776000+02:00,Nicolas_test.samsung.SM-G398FN,On
2021-06-18 23:22:36.969000+02:00,Nicolas_test.samsung.SM-G398FN,Unlocked
2021-06-18 23:23:08.141000+02:00,Nicolas_test.samsung.SM-G398FN,Off
2021-06-18 23:57:06.171000+02:00,Nicolas_test.samsung.SM-G398FN,On
2021-06-18 23:57:11.756000+02:00,Nicolas_test.samsung.SM-G398FN,Locked
2021-06-18 23:57:11.756000+02:00,Nicolas_test.samsung.SM-G398FN,Off
2021-06-19 00:15:00.298000+02:00,Nicolas_test.samsung.SM-G398FN,On
2021-06-19 00:15:04.523000+02:00,Nicolas_test.samsung.SM-G398FN,Off
2021-06-19 00:15:04.523000+02:00,Nicolas_test.samsung.SM-G398FN,Locked
2021-06-19 00:15:16.917000+02:00,Nicolas_test.samsung.SM-G398FN,On
2021-06-19 00:15:22.665000+02:00,Nicolas_test.samsung.SM-G398FN,Locked
2021-06-19 00:15:22.665000+02:00,Nicolas_test.samsung.SM-G398FN,Off
2021-06-19 00:17:57.573000+02:00,Nicolas_test.samsung.SM-G398FN,On
2021-06-19 00:17:58.401000+02:00,Nicolas_test.samsung.SM-G398FN,Unlocked
2021-06-19 00:18:31.393000+02:00,Nicolas_test.samsung.SM-G398FN,Off
2021-06-25 11:49:28.381000+02:00,Nicolas_test.samsung.SM-G398FN,On
2021-06-25 11:49:28.828000+02:00,Nicolas_test.samsung.SM-G398FN,Unlocked
2021-06-25 11:50:00.870000+02:00,Nicolas_test.samsung.SM-G398FN,Off
2021-06-25 11:55:50.631000+02:00,Nicolas_test.samsung.SM-G398FN,On
2021-06-25 11:55:51.103000+02:00,Nicolas_test.samsung.SM-G398FN,Unlocked
2021-06-25 12:04:51.285000+02:00,Nicolas_test.samsung.SM-G398FN,Off
2021-06-25 12:06:06.842000+02:00,Nicolas_test.samsung.SM-G398FN,On
2021-06-25 12:06:07.484000+02:00,Nicolas_test.samsung.SM-G398FN,Unlocked
2021-06-25 12:06:48.643000+02:00,Nicolas_test.samsung.SM-G398FN,Off
2021-06-25 12:09:45.918000+02:00,Nicolas_test.samsung.SM-G398FN,On
2021-06-25 12:09:46.448000+02:00,Nicolas_test.samsung.SM-G398FN,Unlocked
2021-06-25 12:10:17.649000+02:00,Nicolas_test.samsung.SM-G398FN,Off
2021-06-25 12:10:20.466000+02:00,Nicolas_test.samsung.SM-G398FN,On
2021-06-25 12:11:19.243000+02:00,Nicolas_test.samsung.SM-G398FN,Off
2021-06-25 12:11:22.257000+02:00,Nicolas_test.samsung.SM-G398FN,On
2021-06-25 12:11:54.641000+02:00,Nicolas_test.samsung.SM-G398FN,Off
2021-06-25 12:13:25.061000+02:00,Nicolas_test.samsung.SM-G398FN,On
2021-06-25 12:13:25.573000+02:00,Nicolas_test.samsung.SM-G398FN,Unlocked
2021-06-25 12:14:22.417000+02:00,Nicolas_test.samsung.SM-G398FN,Off
2021-06-25 12:15:11.253000+02:00,Nicolas_test.samsung.SM-G398FN,On
2021-06-25 12:15:11.773000+02:00,Nicolas_test.samsung.SM-G398FN,Unlocked
2021-06-25 12:16:42.892000+02:00,Nicolas_test.samsung.SM-G398FN,Off
2021-06-25 12:17:53.039000+02:00,Nicolas_test.samsung.SM-G398FN,On
2021-06-25 12:17:53.764000+02:00,Nicolas_test.samsung.SM-G398FN,Unlocked
2021-06-25 12:18:55.597000+02:00,Nicolas_test.samsung.SM-G398FN,Off
2021-06-25 12:20:44.183000+02:00,Nicolas_test.samsung.SM-G398FN,On
2021-06-25 12:20:44.899000+02:00,Nicolas_test.samsung.SM-G398FN,Unlocked
2021-06-25 12:21:16.147000+02:00,Nicolas_test.samsung.SM-G398FN,Off
2021-06-25 13:31:13.499000+02:00,Nicolas_test.samsung.SM-G398FN,On
2021-06-25 13:31:14.049000+02:00,Nicolas_test.samsung.SM-G398FN,Unlocked
2021-06-25 13:31:23.420000+02:00,Nicolas_test.samsung.SM-G398FN,Off
2021-06-25 13:31:45.522000+02:00,Nicolas_test.samsung.SM-G398FN,On
2021-06-25 13:31:45.839000+02:00,Nicolas_test.samsung.SM-G398FN,Unlocked
2021-06-25 13:34:25.867000+02:00,Nicolas_test.samsung.SM-G398FN,Off
2021-06-25 13:34:39.049000+02:00,Nicolas_test.samsung.SM-G398FN,On
2021-06-25 13:34:40.455000+02:00,Nicolas_test.samsung.SM-G398FN,Unlocked
2021-06-25 13:36:39.280000+02:00,Nicolas_test.samsung.SM-G398FN,Off
2021-06-25 13:36:45.959000+02:00,Nicolas_test.samsung.SM-G398FN,On
2021-06-25 13:36:46.909000+02:00,Nicolas_test.samsung.SM-G398FN,Unlocked
2021-06-25 13:37:35.229000+02:00,Nicolas_test.samsung.SM-G398FN,Off
2021-06-25 13:57:27.901000+02:00,Nicolas_test.samsung.SM-G398FN,On
2021-06-25 13:57:29.615000+02:00,Nicolas_test.samsung.SM-G398FN,Unlocked
2021-06-25 13:58:04.075000+02:00,Nicolas_test.samsung.SM-G398FN,Off
2021-06-25 13:58:53.345000+02:00,Nicolas_test.samsung.SM-G398FN,On
2021-06-25 13:58:54.200000+02:00,Nicolas_test.samsung.SM-G398FN,Unlocked
2021-06-25 13:59:25.379000+02:00,Nicolas_test.samsung.SM-G398FN,Off
2021-06-25 14:02:32.660000+02:00,Nicolas_test.samsung.SM-G398FN,On
2021-06-25 14:02:38.281000+02:00,Nicolas_test.samsung.SM-G398FN,Off
2021-06-25 14:02:38.281000+02:00,Nicolas_test.samsung.SM-G398FN,Locked
2021-06-25 17:52:57.246000+02:00,Nicolas_test.samsung.SM-G398FN,On
2021-06-25 17:52:57.396000+02:00,Nicolas_test.samsung.SM-G398FN,Unlocked
2021-06-25 17:53:25.396000+02:00,Nicolas_test.samsung.SM-G398FN,Off
2021-06-26 13:57:59.097000+02:00,Nicolas_test.samsung.SM-G398FN,On
2021-06-26 13:58:04.215000+02:00,Nicolas_test.samsung.SM-G398FN,Off
2021-06-26 19:22:05.848000+02:00,Nicolas_test.samsung.SM-G398FN,On
2021-06-26 19:22:11.061000+02:00,Nicolas_test.samsung.SM-G398FN,Off
2021-06-27 10:41:15.753000+02:00,Nicolas_test.samsung.SM-G398FN,On
2021-06-27 10:41:19.327000+02:00,Nicolas_test.samsung.SM-G398FN,Off
2021-06-27 10:41:19.327000+02:00,Nicolas_test.samsung.SM-G398FN,Locked
2021-06-27 11:07:00.853000+02:00,Nicolas_test.samsung.SM-G398FN,On
2021-06-27 11:07:05.765000+02:00,Nicolas_test.samsung.SM-G398FN,Off
2021-06-27 11:07:09.440000+02:00,Nicolas_test.samsung.SM-G398FN,On
2021-06-27 11:07:10.086000+02:00,Nicolas_test.samsung.SM-G398FN,Unlocked
2021-06-27 11:08:33.688000+02:00,Nicolas_test.samsung.SM-G398FN,Off
2021-06-27 11:17:41.112000+02:00,Nicolas_test.samsung.SM-G398FN,On
2021-06-27 11:17:41.689000+02:00,Nicolas_test.samsung.SM-G398FN,Unlocked
2021-06-27 11:18:12.842000+02:00,Nicolas_test.samsung.SM-G398FN,Off
2021-06-27 11:18:14.221000+02:00,Nicolas_test.samsung.SM-G398FN,On
2021-06-27 11:19:00.638000+02:00,Nicolas_test.samsung.SM-G398FN,Off
2021-06-27 11:19:04.059000+02:00,Nicolas_test.samsung.SM-G398FN,On
2021-06-27 11:20:55.954000+02:00,Nicolas_test.samsung.SM-G398FN,Off
2021-06-27 11:21:13.093000+02:00,Nicolas_test.samsung.SM-G398FN,On
2021-06-27 11:21:13.608000+02:00,Nicolas_test.samsung.SM-G398FN,Unlocked
2021-06-27 11:22:05.669000+02:00,Nicolas_test.samsung.SM-G398FN,Off
2021-06-27 11:22:25.043000+02:00,Nicolas_test.samsung.SM-G398FN,On
2021-06-27 11:22:25.575000+02:00,Nicolas_test.samsung.SM-G398FN,Unlocked
2021-06-27 11:24:22.485000+02:00,Nicolas_test.samsung.SM-G398FN,Off
2021-06-27 11:24:45.378000+02:00,Nicolas_test.samsung.SM-G398FN,On
2021-06-27 11:24:45.907000+02:00,Nicolas_test.samsung.SM-G398FN,Unlocked
2021-06-27 11:27:56.865000+02:00,Nicolas_test.samsung.SM-G398FN,Off
2021-06-27 11:43:12.600000+02:00,Nicolas_test.samsung.SM-G398FN,On
2021-06-27 11:43:13.224000+02:00,Nicolas_test.samsung.SM-G398FN,Unlocked
2021-06-27 11:44:07.410000+02:00,Nicolas_test.samsung.SM-G398FN,Off
2021-06-27 11:44:11.623000+02:00,Nicolas_test.samsung.SM-G398FN,On
2021-06-27 11:44:12.163000+02:00,Nicolas_test.samsung.SM-G398FN,Unlocked
2021-06-27 11:44:49.001000+02:00,Nicolas_test.samsung.SM-G398FN,Off
2021-06-27 11:45:05.355000+02:00,Nicolas_test.samsung.SM-G398FN,On
2021-06-27 11:45:05.854000+02:00,Nicolas_test.samsung.SM-G398FN,Unlocked
2021-06-27 11:46:26.244000+02:00,Nicolas_test.samsung.SM-G398FN,Off
2021-06-27 11:46:31.233000+02:00,Nicolas_test.samsung.SM-G398FN,On
2021-06-27 11:46:31.764000+02:00,Nicolas_test.samsung.SM-G398FN,Unlocked
2021-06-27 11:47:02.972000+02:00,Nicolas_test.samsung.SM-G398FN,Off
2021-06-27 20:45:09.917000+02:00,Nicolas_test.samsung.SM-G398FN,On
2021-06-27 20:45:15.178000+02:00,Nicolas_test.samsung.SM-G398FN,Off
2021-06-28 09:09:45.555000+02:00,Nicolas_test.samsung.SM-G398FN,On
2021-06-28 09:09:51.281000+02:00,Nicolas_test.samsung.SM-G398FN,Off
2021-06-28 10:02:55.457000+02:00,Nicolas_test.samsung.SM-G398FN,On
2021-06-28 10:03:00.520000+02:00,Nicolas_test.samsung.SM-G398FN,Locked
2021-06-28 10:03:00.520000+02:00,Nicolas_test.samsung.SM-G398FN,Off
2021-06-28 10:11:54.956000+02:00,Nicolas_test.samsung.SM-G398FN,On
2021-06-28 10:11:55.806000+02:00,Nicolas_test.samsung.SM-G398FN,Unlocked
2021-06-28 10:12:34.865000+02:00,Nicolas_test.samsung.SM-G398FN,Off
2021-06-28 10:42:26.274000+02:00,Nicolas_test.samsung.SM-G398FN,On
2021-06-28 10:42:26.919000+02:00,Nicolas_test.samsung.SM-G398FN,Unlocked
2021-06-28 10:43:04.110000+02:00,Nicolas_test.samsung.SM-G398FN,Off
2021-06-28 10:43:10.639000+02:00,Nicolas_test.samsung.SM-G398FN,On
2021-06-28 10:43:11.247000+02:00,Nicolas_test.samsung.SM-G398FN,Unlocked
2021-06-28 10:44:06.920000+02:00,Nicolas_test.samsung.SM-G398FN,Off
2021-06-28 10:44:38.076000+02:00,Nicolas_test.samsung.SM-G398FN,On
2021-06-28 10:44:38.765000+02:00,Nicolas_test.samsung.SM-G398FN,Unlocked
2021-06-28 10:45:58.716000+02:00,Nicolas_test.samsung.SM-G398FN,Off
2021-06-28 10:46:40.733000+02:00,Nicolas_test.samsung.SM-G398FN,On
2021-06-28 10:46:41.286000+02:00,Nicolas_test.samsung.SM-G398FN,Unlocked
2021-06-28 10:47:16.174000+02:00,Nicolas_test.samsung.SM-G398FN,Off
2021-06-28 10:47:20.875000+02:00,Nicolas_test.samsung.SM-G398FN,On
2021-06-28 10:47:21.335000+02:00,Nicolas_test.samsung.SM-G398FN,Unlocked
2021-06-28 10:48:07.466000+02:00,Nicolas_test.samsung.SM-G398FN,Off
2021-06-28 10:48:14.369000+02:00,Nicolas_test.samsung.SM-G398FN,On
2021-06-28 10:48:14.821000+02:00,Nicolas_test.samsung.SM-G398FN,Unlocked
2021-06-28 10:48:47.215000+02:00,Nicolas_test.samsung.SM-G398FN,Off
2021-06-28 10:48:54.484000+02:00,Nicolas_test.samsung.SM-G398FN,On
2021-06-28 10:48:55.286000+02:00,Nicolas_test.samsung.SM-G398FN,Unlocked
2021-06-28 10:49:40.337000+02:00,Nicolas_test.samsung.SM-G398FN,Off
2021-06-28 10:50:02.324000+02:00,Nicolas_test.samsung.SM-G398FN,On
2021-06-28 10:50:08.031000+02:00,Nicolas_test.samsung.SM-G398FN,Off
2021-06-28 10:50:08.031000+02:00,Nicolas_test.samsung.SM-G398FN,Locked
2021-06-28 11:30:23.208000+02:00,Nicolas_test.samsung.SM-G398FN,On
2021-06-28 11:30:24.987000+02:00,Nicolas_test.samsung.SM-G398FN,Unlocked
2021-06-28 11:31:29.313000+02:00,Nicolas_test.samsung.SM-G398FN,Off
2021-06-28 11:32:40.994000+02:00,Nicolas_test.samsung.SM-G398FN,On
2021-06-28 11:32:41.515000+02:00,Nicolas_test.samsung.SM-G398FN,Unlocked
2021-06-28 11:33:29.539000+02:00,Nicolas_test.samsung.SM-G398FN,Off
2021-06-28 12:05:56.428000+02:00,Nicolas_test.samsung.SM-G398FN,On
2021-06-28 12:05:56.927000+02:00,Nicolas_test.samsung.SM-G398FN,Unlocked
2021-06-28 12:06:29.631000+02:00,Nicolas_test.samsung.SM-G398FN,Off
2021-06-28 12:15:37.146000+02:00,Nicolas_test.samsung.SM-G398FN,On
2021-06-28 12:15:37.601000+02:00,Nicolas_test.samsung.SM-G398FN,Unlocked
2021-06-28 12:16:08.760000+02:00,Nicolas_test.samsung.SM-G398FN,Off
2021-06-28 12:18:24.026000+02:00,Nicolas_test.samsung.SM-G398FN,On
2021-06-28 12:18:24.690000+02:00,Nicolas_test.samsung.SM-G398FN,Unlocked
2021-06-28 12:19:16.481000+02:00,Nicolas_test.samsung.SM-G398FN,Off
2021-06-28 12:19:18.611000+02:00,Nicolas_test.samsung.SM-G398FN,On
2021-06-28 12:23:10.695000+02:00,Nicolas_test.samsung.SM-G398FN,Off
2021-06-28 12:23:34.631000+02:00,Nicolas_test.samsung.SM-G398FN,On
2021-06-28 12:23:35.173000+02:00,Nicolas_test.samsung.SM-G398FN,Unlocked
2021-06-28 12:25:21.603000+02:00,Nicolas_test.samsung.SM-G398FN,Off
2021-06-28 12:27:40.429000+02:00,Nicolas_test.samsung.SM-G398FN,On
2021-06-28 12:27:40.992000+02:00,Nicolas_test.samsung.SM-G398FN,Unlocked
2021-06-28 12:28:12.211000+02:00,Nicolas_test.samsung.SM-G398FN,Off
2021-06-28 12:28:13.201000+02:00,Nicolas_test.samsung.SM-G398FN,On
2021-06-28 12:29:42.751000+02:00,Nicolas_test.samsung.SM-G398FN,Off
2021-06-28 12:29:43.171000+02:00,Nicolas_test.samsung.SM-G398FN,On
2021-06-28 12:30:15.491000+02:00,Nicolas_test.samsung.SM-G398FN,Off
2021-06-28 12:30:28.934000+02:00,Nicolas_test.samsung.SM-G398FN,On
2021-06-28 12:30:29.552000+02:00,Nicolas_test.samsung.SM-G398FN,Unlocked
2021-06-28 12:31:37.335000+02:00,Nicolas_test.samsung.SM-G398FN,Off
2021-06-28 12:31:38.375000+02:00,Nicolas_test.samsung.SM-G398FN,On
2021-06-28 12:34:55.068000+02:00,Nicolas_test.samsung.SM-G398FN,Off
2021-06-28 12:34:57.281000+02:00,Nicolas_test.samsung.SM-G398FN,On
2021-06-28 12:36:33.608000+02:00,Nicolas_test.samsung.SM-G398FN,Locked
2021-06-28 12:36:33.608000+02:00,Nicolas_test.samsung.SM-G398FN,Off
2021-06-28 12:42:11.076000+02:00,Nicolas_test.samsung.SM-G398FN,On
2021-06-28 12:42:11.679000+02:00,Nicolas_test.samsung.SM-G398FN,Unlocked
2021-06-28 12:44:17.772000+02:00,Nicolas_test.samsung.SM-G398FN,Off
2021-06-28 12:44:53.346000+02:00,Nicolas_test.samsung.SM-G398FN,On
2021-06-28 12:44:53.975000+02:00,Nicolas_test.samsung.SM-G398FN,Unlocked
2021-06-28 12:45:25.166000+02:00,Nicolas_test.samsung.SM-G398FN,Off
2021-06-28 12:48:07.448000+02:00,Nicolas_test.samsung.SM-G398FN,On
2021-06-28 12:48:07.912000+02:00,Nicolas_test.samsung.SM-G398FN,Unlocked
2021-06-28 12:49:05.341000+02:00,Nicolas_test.samsung.SM-G398FN,Off
2021-06-28 12:49:14.048000+02:00,Nicolas_test.samsung.SM-G398FN,On
2021-06-28 12:49:14.532000+02:00,Nicolas_test.samsung.SM-G398FN,Unlocked
2021-06-28 12:49:45.649000+02:00,Nicolas_test.samsung.SM-G398FN,Off
2021-06-28 12:50:14.736000+02:00,Nicolas_test.samsung.SM-G398FN,On
2021-06-28 12:50:15.217000+02:00,Nicolas_test.samsung.SM-G398FN,Unlocked
2021-06-28 12:51:30.466000+02:00,Nicolas_test.samsung.SM-G398FN,Off
2021-06-28 12:53:52.820000+02:00,Nicolas_test.samsung.SM-G398FN,On
2021-06-28 12:53:53.484000+02:00,Nicolas_test.samsung.SM-G398FN,Unlocked
2021-06-28 12:54:25.359000+02:00,Nicolas_test.samsung.SM-G398FN,Off
2021-06-28 12:56:21.974000+02:00,Nicolas_test.samsung.SM-G398FN,On
2021-06-28 12:56:27.705000+02:00,Nicolas_test.samsung.SM-G398FN,Off
2021-06-28 12:56:27.705000+02:00,Nicolas_test.samsung.SM-G398FN,Locked
2021-06-28 12:59:35.388000+02:00,Nicolas_test.samsung.SM-G398FN,On
2021-06-28 12:59:37.352000+02:00,Nicolas_test.samsung.SM-G398FN,Unlocked
2021-06-28 12:59:40.412000+02:00,Nicolas_test.samsung.SM-G398FN,Off
2021-06-28 12:59:40.412000+02:00,Nicolas_test.samsung.SM-G398FN,Locked
2021-06-28 13:16:42.941000+02:00,Nicolas_test.samsung.SM-G398FN,On
2021-06-28 13:16:46.972000+02:00,Nicolas_test.samsung.SM-G398FN,Unlocked
2021-06-28 13:18:00.053000+02:00,Nicolas_test.samsung.SM-G398FN,Off
2021-06-28 13:21:20.433000+02:00,Nicolas_test.samsung.SM-G398FN,On
2021-06-28 13:21:21.107000+02:00,Nicolas_test.samsung.SM-G398FN,Unlocked
2021-06-28 13:22:04.947000+02:00,Nicolas_test.samsung.SM-G398FN,Off
2021-06-28 13:24:59.869000+02:00,Nicolas_test.samsung.SM-G398FN,On
2021-06-28 13:25:00.485000+02:00,Nicolas_test.samsung.SM-G398FN,Unlocked
2021-06-28 13:26:01.318000+02:00,Nicolas_test.samsung.SM-G398FN,Off
2021-06-28 13:29:23.577000+02:00,Nicolas_test.samsung.SM-G398FN,On
2021-06-28 13:29:23.999000+02:00,Nicolas_test.samsung.SM-G398FN,Unlocked
2021-06-28 13:30:10.095000+02:00,Nicolas_test.samsung.SM-G398FN,Off
2021-06-28 13:31:07.391000+02:00,Nicolas_test.samsung.SM-G398FN,On
2021-06-28 13:31:07.955000+02:00,Nicolas_test.samsung.SM-G398FN,Unlocked
2021-06-28 13:31:10.084000+02:00,Nicolas_test.samsung.SM-G398FN,Locked
2021-06-28 13:31:10.084000+02:00,Nicolas_test.samsung.SM-G398FN,Off
2021-06-28 13:38:11.148000+02:00,Nicolas_test.samsung.SM-G398FN,On
2021-06-28 13:38:11.470000+02:00,Nicolas_test.samsung.SM-G398FN,Unlocked
2021-06-28 13:38:34.451000+02:00,Nicolas_test.samsung.SM-G398FN,Off
2021-06-28 13:38:34.451000+02:00,Nicolas_test.samsung.SM-G398FN,Locked
2021-06-28 13:39:25.001000+02:00,Nicolas_test.samsung.SM-G398FN,On
2021-06-28 13:39:27.847000+02:00,Nicolas_test.samsung.SM-G398FN,Unlocked
2021-06-28 13:40:08.131000+02:00,Nicolas_test.samsung.SM-G398FN,Off
2021-06-28 14:20:10.223000+02:00,Nicolas_test.samsung.SM-G398FN,On
2021-06-28 14:20:11.845000+02:00,Nicolas_test.samsung.SM-G398FN,Unlocked
2021-06-28 14:21:20.833000+02:00,Nicolas_test.samsung.SM-G398FN,Off
